<?xml version="1.0" encoding="utf-8"?>
<COLLADA xmlns="http://www.collada.org/2005/11/COLLADASchema" version="1.4.1" xmlns:xsi="http://www.w3.org/2001/XMLSchema-instance">
  <asset>
    <contributor>
      <author>Blender User</author>
      <authoring_tool>Blender 3.0.0 commit date:2021-12-02, commit time:18:35, hash:f1cca3055776</authoring_tool>
    </contributor>
    <created>2025-09-14T13:07:24</created>
    <modified>2025-09-14T13:07:24</modified>
    <unit name="meter" meter="1"/>
    <up_axis>Z_UP</up_axis>
  </asset>
  <library_effects>
    <effect id="rope-effect">
      <profile_COMMON>
        <newparam sid="ttm_1_0xe003020_custom_rgba16_png-surface">
          <surface type="2D">
            <init_from>ttm_1_0xe003020_custom_rgba16_png</init_from>
          </surface>
        </newparam>
        <newparam sid="ttm_1_0xe003020_custom_rgba16_png-sampler">
          <sampler2D>
            <source>ttm_1_0xe003020_custom_rgba16_png-surface</source>
          </sampler2D>
        </newparam>
        <technique sid="common">
          <lambert>
            <emission>
              <color sid="emission">0 0 0 1</color>
            </emission>
            <diffuse>
              <texture texture="ttm_1_0xe003020_custom_rgba16_png-sampler" texcoord="UVMap"/>
            </diffuse>
            <index_of_refraction>
              <float sid="ior">1.45</float>
            </index_of_refraction>
          </lambert>
        </technique>
      </profile_COMMON>
    </effect>
    <effect id="lights-effect">
      <profile_COMMON>
        <newparam sid="ligth_png-surface">
          <surface type="2D">
            <init_from>ligth_png</init_from>
          </surface>
        </newparam>
        <newparam sid="ligth_png-sampler">
          <sampler2D>
            <source>ligth_png-surface</source>
          </sampler2D>
        </newparam>
        <technique sid="common">
          <lambert>
            <emission>
              <color sid="emission">0 0 0 1</color>
            </emission>
            <diffuse>
              <texture texture="ligth_png-sampler" texcoord="UVMap"/>
            </diffuse>
            <index_of_refraction>
              <float sid="ior">1.45</float>
            </index_of_refraction>
          </lambert>
        </technique>
      </profile_COMMON>
    </effect>
    <effect id="light1-effect">
      <profile_COMMON>
        <newparam sid="ttm_1_0xe007820_custom_rgba16_png-surface">
          <surface type="2D">
            <init_from>ttm_1_0xe007820_custom_rgba16_png</init_from>
          </surface>
        </newparam>
        <newparam sid="ttm_1_0xe007820_custom_rgba16_png-sampler">
          <sampler2D>
            <source>ttm_1_0xe007820_custom_rgba16_png-surface</source>
          </sampler2D>
        </newparam>
        <technique sid="common">
          <lambert>
            <emission>
              <color sid="emission">0 0 0 1</color>
            </emission>
            <diffuse>
              <texture texture="ttm_1_0xe007820_custom_rgba16_png-sampler" texcoord="UVMap"/>
            </diffuse>
            <index_of_refraction>
              <float sid="ior">1.45</float>
            </index_of_refraction>
          </lambert>
        </technique>
      </profile_COMMON>
    </effect>
    <effect id="light2-effect">
      <profile_COMMON>
        <newparam sid="ttm_1_0xe008030_custom_rgba16_png-surface">
          <surface type="2D">
            <init_from>ttm_1_0xe008030_custom_rgba16_png</init_from>
          </surface>
        </newparam>
        <newparam sid="ttm_1_0xe008030_custom_rgba16_png-sampler">
          <sampler2D>
            <source>ttm_1_0xe008030_custom_rgba16_png-surface</source>
          </sampler2D>
        </newparam>
        <technique sid="common">
          <lambert>
            <emission>
              <color sid="emission">0 0 0 1</color>
            </emission>
            <diffuse>
              <texture texture="ttm_1_0xe008030_custom_rgba16_png-sampler" texcoord="UVMap"/>
            </diffuse>
            <index_of_refraction>
              <float sid="ior">1.45</float>
            </index_of_refraction>
          </lambert>
        </technique>
      </profile_COMMON>
    </effect>
    <effect id="leaves-effect">
      <profile_COMMON>
        <newparam sid="ttm_1_0xe004820_custom_rgba16_png-surface">
          <surface type="2D">
            <init_from>ttm_1_0xe004820_custom_rgba16_png</init_from>
          </surface>
        </newparam>
        <newparam sid="ttm_1_0xe004820_custom_rgba16_png-sampler">
          <sampler2D>
            <source>ttm_1_0xe004820_custom_rgba16_png-surface</source>
          </sampler2D>
        </newparam>
        <technique sid="common">
          <lambert>
            <emission>
              <color sid="emission">0 0 0 1</color>
            </emission>
            <diffuse>
              <texture texture="ttm_1_0xe004820_custom_rgba16_png-sampler" texcoord="UVMap"/>
            </diffuse>
            <index_of_refraction>
              <float sid="ior">1.45</float>
            </index_of_refraction>
          </lambert>
        </technique>
      </profile_COMMON>
    </effect>
    <effect id="log-effect">
      <profile_COMMON>
        <newparam sid="ttm_1_0xe003820_custom_rgba16_png-surface">
          <surface type="2D">
            <init_from>ttm_1_0xe003820_custom_rgba16_png</init_from>
          </surface>
        </newparam>
        <newparam sid="ttm_1_0xe003820_custom_rgba16_png-sampler">
          <sampler2D>
            <source>ttm_1_0xe003820_custom_rgba16_png-surface</source>
          </sampler2D>
        </newparam>
        <technique sid="common">
          <lambert>
            <emission>
              <color sid="emission">0 0 0 1</color>
            </emission>
            <diffuse>
              <texture texture="ttm_1_0xe003820_custom_rgba16_png-sampler" texcoord="UVMap"/>
            </diffuse>
            <index_of_refraction>
              <float sid="ior">1.45</float>
            </index_of_refraction>
          </lambert>
        </technique>
      </profile_COMMON>
    </effect>
    <effect id="logtop-effect">
      <profile_COMMON>
        <newparam sid="ttm_1_0xe009830_custom_rgba16_png-surface">
          <surface type="2D">
            <init_from>ttm_1_0xe009830_custom_rgba16_png</init_from>
          </surface>
        </newparam>
        <newparam sid="ttm_1_0xe009830_custom_rgba16_png-sampler">
          <sampler2D>
            <source>ttm_1_0xe009830_custom_rgba16_png-surface</source>
          </sampler2D>
        </newparam>
        <technique sid="common">
          <lambert>
            <emission>
              <color sid="emission">0 0 0 1</color>
            </emission>
            <diffuse>
              <texture texture="ttm_1_0xe009830_custom_rgba16_png-sampler" texcoord="UVMap"/>
            </diffuse>
            <index_of_refraction>
              <float sid="ior">1.45</float>
            </index_of_refraction>
          </lambert>
        </technique>
      </profile_COMMON>
    </effect>
    <effect id="shadowMt-effect">
      <profile_COMMON>
        <newparam sid="shadow_png-surface">
          <surface type="2D">
            <init_from>shadow_png</init_from>
          </surface>
        </newparam>
        <newparam sid="shadow_png-sampler">
          <sampler2D>
            <source>shadow_png-surface</source>
          </sampler2D>
        </newparam>
        <technique sid="common">
          <lambert>
            <emission>
              <color sid="emission">0 0 0 1</color>
            </emission>
            <diffuse>
              <texture texture="shadow_png-sampler" texcoord="Mesh4-geometry-TEXCOORD"/>
            </diffuse>
            <reflectivity>
              <float sid="specular">1</float>
            </reflectivity>
            <index_of_refraction>
              <float sid="ior">1.45</float>
            </index_of_refraction>
          </lambert>
        </technique>
      </profile_COMMON>
    </effect>
    <effect id="skybox-effect">
      <profile_COMMON>
        <newparam sid="skybox_png-surface">
          <surface type="2D">
            <init_from>skybox_png</init_from>
          </surface>
        </newparam>
        <newparam sid="skybox_png-sampler">
          <sampler2D>
            <source>skybox_png-surface</source>
          </sampler2D>
        </newparam>
        <technique sid="common">
          <lambert>
            <emission>
              <color sid="emission">0 0 0 1</color>
            </emission>
            <diffuse>
              <texture texture="skybox_png-sampler" texcoord="Mesh1-geometry-TEXCOORD"/>
            </diffuse>
            <index_of_refraction>
              <float sid="ior">1.45</float>
            </index_of_refraction>
          </lambert>
        </technique>
      </profile_COMMON>
    </effect>
  </library_effects>
  <library_images>
    <image id="ligth_png" name="ligth_png">
      <init_from>ligth.png</init_from>
    </image>
    <image id="shadow_png" name="shadow_png">
      <init_from>shadow.png</init_from>
    </image>
    <image id="skybox_png" name="skybox_png">
      <init_from>skybox.png</init_from>
    </image>
    <image id="ttm_1_0xe003020_custom_rgba16_png" name="ttm_1_0xe003020_custom_rgba16_png">
      <init_from>ttm_1_0xe003020_custom.rgba16.png</init_from>
    </image>
    <image id="ttm_1_0xe003820_custom_rgba16_png" name="ttm_1_0xe003820_custom_rgba16_png">
      <init_from>ttm_1_0xe003820_custom.rgba16.png</init_from>
    </image>
    <image id="ttm_1_0xe004820_custom_rgba16_png" name="ttm_1_0xe004820_custom_rgba16_png">
      <init_from>ttm_1_0xe004820_custom.rgba16.png</init_from>
    </image>
    <image id="ttm_1_0xe007820_custom_rgba16_png" name="ttm_1_0xe007820_custom_rgba16_png">
      <init_from>ttm_1_0xe007820_custom.rgba16.png</init_from>
    </image>
    <image id="ttm_1_0xe008030_custom_rgba16_png" name="ttm_1_0xe008030_custom_rgba16_png">
      <init_from>ttm_1_0xe008030_custom.rgba16.png</init_from>
    </image>
    <image id="ttm_1_0xe009830_custom_rgba16_png" name="ttm_1_0xe009830_custom_rgba16_png">
      <init_from>ttm_1_0xe009830_custom.rgba16.png</init_from>
    </image>
  </library_images>
  <library_materials>
    <material id="rope-material" name="rope">
      <instance_effect url="#rope-effect"/>
    </material>
    <material id="lights-material" name="lights">
      <instance_effect url="#lights-effect"/>
    </material>
    <material id="light1-material" name="light1">
      <instance_effect url="#light1-effect"/>
    </material>
    <material id="light2-material" name="light2">
      <instance_effect url="#light2-effect"/>
    </material>
    <material id="leaves-material" name="leaves">
      <instance_effect url="#leaves-effect"/>
    </material>
    <material id="log-material" name="log">
      <instance_effect url="#log-effect"/>
    </material>
    <material id="logtop-material" name="logtop">
      <instance_effect url="#logtop-effect"/>
    </material>
    <material id="shadowMt-material" name="shadowMt">
      <instance_effect url="#shadowMt-effect"/>
    </material>
    <material id="skybox-material" name="skybox">
      <instance_effect url="#skybox-effect"/>
    </material>
  </library_materials>
  <library_geometries>
    <geometry id="Plane_009-mesh" name="Plane.009">
      <mesh>
        <source id="Plane_009-mesh-positions">
          <float_array id="Plane_009-mesh-positions-array" count="624">4.136443 87.62932 -3.837556 4.011443 87.62932 -3.837556 4.13645 7.629314 -3.837556 4.01145 7.629314 -3.837556 4.011443 87.62932 -3.837556 4.136443 87.62932 -3.837556 4.01145 7.629314 -3.837557 4.13645 7.629314 -3.837557 4.073943 87.62932 -3.900056 4.073943 87.62932 -3.775056 4.073951 7.629314 -3.900057 4.073951 7.629314 -3.775057 -6.368112 84.60051 1.439102 -6.243112 84.60051 1.439102 -6.368105 4.600506 1.4391 -6.243105 4.600506 1.4391 -6.305612 84.60051 1.376601 -6.305612 84.60051 1.501601 -6.305605 4.600506 1.3766 -6.305605 4.600506 1.5016 4.073944 87.62932 -3.775056 4.073944 87.62932 -3.900056 4.07395 7.629314 -3.775057 4.07395 7.629314 -3.900057 -6.305612 84.60051 1.501601 -6.305612 84.60051 1.376601 -6.305605 4.600506 1.5016 -6.305605 4.600506 1.3766 -6.243112 84.60051 1.439101 -6.368112 84.60051 1.439101 -6.243105 4.600506 1.439101 -6.368105 4.600506 1.439101 -33.02986 7.812462 -54.84852 -32.90486 7.812462 -54.84852 -33.02986 87.81246 -54.84853 -32.90486 87.81246 -54.84853 -32.96736 7.812462 -54.78602 -32.96736 7.812462 -54.91102 -32.96736 87.81246 -54.78603 -32.96736 87.81246 -54.91103 -32.96736 7.812462 -54.91102 -32.96736 7.812462 -54.78602 -32.96736 87.81246 -54.91103 -32.96736 87.81246 -54.78603 -32.90486 7.812462 -54.84852 -33.02986 7.812462 -54.84852 -32.90486 87.81246 -54.84853 -33.02986 87.81246 -54.84853 -0.1072916 3.570633 -107.9245 0.0177083 3.570633 -107.9245 -0.1072921 83.57064 -107.9245 0.01770806 83.57064 -107.9245 -0.04479169 3.570633 -107.862 -0.04479265 3.570633 -107.987 -0.04479193 83.57064 -107.862 -0.04479289 83.57064 -107.987 -0.04479265 3.570633 -107.987 -0.04479169 3.570633 -107.862 -0.04479289 83.57064 -107.987 -0.04479193 83.57064 -107.862 0.0177083 3.570633 -107.9245 -0.1072916 3.570633 -107.9245 0.01770806 83.57064 -107.9245 -0.1072921 83.57064 -107.9245 65.61935 -4.690041 -130.0842 65.74435 -4.690041 -130.0842 65.61936 75.30996 -130.0842 65.74436 75.30996 -130.0842 65.68185 -4.690041 -130.0217 65.68185 -4.690041 -130.1467 65.68186 75.30996 -130.0217 65.68186 75.30996 -130.1467 65.68185 -4.690041 -130.1467 65.68185 -4.690041 -130.0217 65.68186 75.30996 -130.1467 65.68186 75.30996 -130.0217 65.74435 -4.690041 -130.0842 65.61935 -4.690041 -130.0842 65.74436 75.30996 -130.0842 65.61936 75.30996 -130.0842 -45.86467 9.295994 -117.2501 -45.73967 9.295994 -117.2501 -45.86467 89.29599 -117.2501 -45.73967 89.29599 -117.2501 -45.80217 9.295994 -117.1876 -45.80217 9.295994 -117.3126 -45.80217 89.29599 -117.1876 -45.80217 89.29599 -117.3126 -45.80217 9.295994 -117.3126 -45.80217 9.295994 -117.1876 -45.80217 89.29599 -117.3126 -45.80217 89.29599 -117.1876 -45.73967 9.295994 -117.2501 -45.86467 9.295994 -117.2501 -45.73967 89.29599 -117.2501 -45.86467 89.29599 -117.2501 -73.62508 13.87405 -74.06598 -73.50008 13.87405 -74.06598 -73.62508 93.87406 -74.06599 -73.50008 93.87406 -74.06599 -73.56258 13.87405 -74.00348 -73.56258 13.87405 -74.12848 -73.56258 93.87406 -74.00349 -73.56258 93.87406 -74.12849 -73.56258 13.87405 -74.12848 -73.56258 13.87405 -74.00348 -73.56258 93.87406 -74.12849 -73.56258 93.87406 -74.00349 -73.50008 13.87405 -74.06598 -73.62508 13.87405 -74.06598 -73.50008 93.87406 -74.06599 -73.62508 93.87406 -74.06599 -71.16249 3.269958 -15.34242 -71.03749 3.269958 -15.34242 -71.16249 83.26996 -15.34242 -71.03749 83.26996 -15.34242 -71.09999 3.269958 -15.27992 -71.09999 3.269958 -15.40492 -71.09999 83.26996 -15.27992 -71.09999 83.26996 -15.40492 -71.09999 3.269958 -15.40492 -71.09999 3.269958 -15.27992 -71.09999 83.26996 -15.40492 -71.09999 83.26996 -15.27992 -71.03749 3.269958 -15.34242 -71.16249 3.269958 -15.34242 -71.03749 83.26996 -15.34242 -71.16249 83.26996 -15.34242 27.38157 3.9235 1.601532 27.50657 3.9235 1.601532 27.38157 83.9235 1.601527 27.50657 83.9235 1.601527 27.44407 3.9235 1.664033 27.44407 3.9235 1.539033 27.44407 83.9235 1.664027 27.44407 83.9235 1.539027 27.44407 3.9235 1.539033 27.44407 3.9235 1.664033 27.44407 83.9235 1.539027 27.44407 83.9235 1.664027 27.50657 3.9235 1.601533 27.38157 3.9235 1.601533 27.50657 83.9235 1.601526 27.38157 83.9235 1.601526 97.00094 0.9430237 19.45479 97.12594 0.9430237 19.45479 97.00094 80.94303 19.45479 97.12594 80.94303 19.45479 97.06344 0.9430237 19.5173 97.06344 0.9430237 19.3923 97.06344 80.94303 19.51729 97.06344 80.94303 19.39229 97.06344 0.9430237 19.3923 97.06344 0.9430237 19.5173 97.06344 80.94303 19.39229 97.06344 80.94303 19.51729 97.12594 0.9430237 19.4548 97.00094 0.9430237 19.4548 97.12594 80.94303 19.45479 97.00094 80.94303 19.45479 80.15226 -4.003853 -78.26925 80.27726 -4.003853 -78.26925 80.15226 75.99615 -78.26926 80.27726 75.99615 -78.26926 80.21476 -4.003853 -78.20675 80.21476 -4.003853 -78.33175 80.21476 75.99615 -78.20676 80.21476 75.99615 -78.33176 80.21476 -4.003853 -78.33175 80.21476 -4.003853 -78.20675 80.21476 75.99615 -78.33176 80.21476 75.99615 -78.20676 80.27726 -4.003853 -78.26925 80.15226 -4.003853 -78.26925 80.27726 75.99615 -78.26926 80.15226 75.99615 -78.26926 41.92976 -8.997918 -56.4436 42.05476 -8.997918 -56.4436 41.92976 71.00209 -56.44361 42.05476 71.00209 -56.44361 41.99226 -8.997918 -56.3811 41.99226 -8.997918 -56.5061 41.99226 71.00209 -56.38111 41.99225 71.00209 -56.50611 41.99226 -8.997918 -56.5061 41.99226 -8.997918 -56.3811 41.99225 71.00209 -56.50611 41.99226 71.00209 -56.38111 42.05476 -8.997918 -56.4436 41.92976 -8.997918 -56.4436 42.05476 71.00209 -56.44361 41.92976 71.00209 -56.44361 60.66243 -1.624969 -24.49572 60.78743 -1.624969 -24.49572 60.66244 78.37503 -24.49572 60.78744 78.37503 -24.49572 60.72493 -1.624969 -24.43321 60.72493 -1.624969 -24.55821 60.72494 78.37503 -24.43322 60.72494 78.37503 -24.55822 60.72493 -1.624969 -24.55821 60.72493 -1.624969 -24.43321 60.72494 78.37503 -24.55822 60.72494 78.37503 -24.43322 60.78743 -1.624969 -24.49571 60.66243 -1.624969 -24.49571 60.78744 78.37503 -24.49572 60.66244 78.37503 -24.49572</float_array>
          <technique_common>
            <accessor source="#Plane_009-mesh-positions-array" count="208" stride="3">
              <param name="X" type="float"/>
              <param name="Y" type="float"/>
              <param name="Z" type="float"/>
            </accessor>
          </technique_common>
        </source>
        <source id="Plane_009-mesh-normals">
          <float_array id="Plane_009-mesh-normals-array" count="156">0 0 1 0 0 -1 1 0 0 0 0 -1 1 0 0 -1 0 0 -1 0 0 0 0 1 1 0 0 -1 0 0 0 0 -1 1 0 -7.62939e-6 -1 0 7.62939e-6 0 1.90735e-7 1 1 -1.73505e-7 0 -1 2.07964e-7 0 0 -1.90735e-7 -1 0 0 1 1 0 0 -1 0 0 0 0 -1 1 0 0 -1 0 0 0 0 1 1 0 0 -1 0 0 0 0 -1 0 0 1 1 0 0 -1 0 0 0 0 -1 0 0 1 1 0 0 -1 0 0 1 0 0 -1 0 0 1 0 0 -1 0 0 1 0 0 -1 1.3361e-7 0 0 0 -1 1 0 0 0 0 -1 1 0 0 -1 0 0 -1 0 0 1 0 0 -1 0 0 1 0 -7.62939e-6 -1 0 7.62939e-6 1 0 -3.05176e-5 -1 0 3.05176e-5</float_array>
          <technique_common>
            <accessor source="#Plane_009-mesh-normals-array" count="52" stride="3">
              <param name="X" type="float"/>
              <param name="Y" type="float"/>
              <param name="Z" type="float"/>
            </accessor>
          </technique_common>
        </source>
        <source id="Plane_009-mesh-map-0">
          <float_array id="Plane_009-mesh-map-0-array" count="624">1 -19.5 0 20.5 0 -19.5 1 -19.5 0 20.5 0 -19.5 1 -19.5 0 20.5 0 -19.5 1 -19.5 0 20.5 0 -19.5 1 -19.5 0 20.5 0 -19.5 1 -19.5 0 20.5 0 -19.5 1 -19.5 0 20.5 0 -19.5 1 -19.5 0 20.5 0 -19.5 1 -19.5 0 20.5 0 -19.5 1 -19.5 0 20.5 0 -19.5 1 -19.5 0 20.5 0 -19.5 1 -19.5 0 20.5 0 -19.5 1 -19.5 0 20.5 0 -19.5 1 -19.5 0 20.5 0 -19.5 1 -19.5 0 20.5 0 -19.5 1 -19.5 0 20.5 0 -19.5 1 -19.5 0 20.5 0 -19.5 1 -19.5 0 20.5 0 -19.5 1 -19.5 0 20.5 0 -19.5 1 -19.5 0 20.5 0 -19.5 1 -19.5 0 20.5 0 -19.5 1 -19.5 0 20.5 0 -19.5 1 -19.5 0 20.5 0 -19.5 1 -19.5 0 20.5 0 -19.5 1 -19.5 0 20.5 0 -19.5 1 -19.5 0 20.5 0 -19.5 1 -19.5 0 20.5 0 -19.5 1 -19.5 0 20.5 0 -19.5 1 -19.5 0 20.5 0 -19.5 1 -19.5 0 20.5 0 -19.5 1 -19.5 0 20.5 0 -19.5 1 -19.5 0 20.5 0 -19.5 1 -19.5 0 20.5 0 -19.5 1 -19.5 0 20.5 0 -19.5 1 -19.5 0 20.5 0 -19.5 1 -19.5 0 20.5 0 -19.5 1 -19.5 0 20.5 0 -19.5 1 -19.5 0 20.5 0 -19.5 1 -19.5 0 20.5 0 -19.5 1 -19.5 0 20.5 0 -19.5 1 -19.5 0 20.5 0 -19.5 1 -19.5 0 20.5 0 -19.5 1 -19.5 0 20.5 0 -19.5 1 -19.5 0 20.5 0 -19.5 1 -19.5 0 20.5 0 -19.5 1 -19.5 0 20.5 0 -19.5 1 -19.5 0 20.5 0 -19.5 1 -19.5 0 20.5 0 -19.5 1 -19.5 0 20.5 0 -19.5 1 -19.5 0 20.5 0 -19.5 1 -19.5 0 20.5 0 -19.5 1 -19.5 0 20.5 0 -19.5 1 -19.5 1 20.5 0 20.5 1 -19.5 1 20.5 0 20.5 1 -19.5 1 20.5 0 20.5 1 -19.5 1 20.5 0 20.5 1 -19.5 1 20.5 0 20.5 1 -19.5 1 20.5 0 20.5 1 -19.5 1 20.5 0 20.5 1 -19.5 1 20.5 0 20.5 1 -19.5 1 20.5 0 20.5 1 -19.5 1 20.5 0 20.5 1 -19.5 1 20.5 0 20.5 1 -19.5 1 20.5 0 20.5 1 -19.5 1 20.5 0 20.5 1 -19.5 1 20.5 0 20.5 1 -19.5 1 20.5 0 20.5 1 -19.5 1 20.5 0 20.5 1 -19.5 1 20.5 0 20.5 1 -19.5 1 20.5 0 20.5 1 -19.5 1 20.5 0 20.5 1 -19.5 1 20.5 0 20.5 1 -19.5 1 20.5 0 20.5 1 -19.5 1 20.5 0 20.5 1 -19.5 1 20.5 0 20.5 1 -19.5 1 20.5 0 20.5 1 -19.5 1 20.5 0 20.5 1 -19.5 1 20.5 0 20.5 1 -19.5 1 20.5 0 20.5 1 -19.5 1 20.5 0 20.5 1 -19.5 1 20.5 0 20.5 1 -19.5 1 20.5 0 20.5 1 -19.5 1 20.5 0 20.5 1 -19.5 1 20.5 0 20.5 1 -19.5 1 20.5 0 20.5 1 -19.5 1 20.5 0 20.5 1 -19.5 1 20.5 0 20.5 1 -19.5 1 20.5 0 20.5 1 -19.5 1 20.5 0 20.5 1 -19.5 1 20.5 0 20.5 1 -19.5 1 20.5 0 20.5 1 -19.5 1 20.5 0 20.5 1 -19.5 1 20.5 0 20.5 1 -19.5 1 20.5 0 20.5 1 -19.5 1 20.5 0 20.5 1 -19.5 1 20.5 0 20.5 1 -19.5 1 20.5 0 20.5 1 -19.5 1 20.5 0 20.5 1 -19.5 1 20.5 0 20.5 1 -19.5 1 20.5 0 20.5 1 -19.5 1 20.5 0 20.5 1 -19.5 1 20.5 0 20.5 1 -19.5 1 20.5 0 20.5 1 -19.5 1 20.5 0 20.5</float_array>
          <technique_common>
            <accessor source="#Plane_009-mesh-map-0-array" count="312" stride="2">
              <param name="S" type="float"/>
              <param name="T" type="float"/>
            </accessor>
          </technique_common>
        </source>
        <vertices id="Plane_009-mesh-vertices">
          <input semantic="POSITION" source="#Plane_009-mesh-positions"/>
        </vertices>
        <triangles material="rope-material" count="104">
          <input semantic="VERTEX" source="#Plane_009-mesh-vertices" offset="0"/>
          <input semantic="NORMAL" source="#Plane_009-mesh-normals" offset="1"/>
          <input semantic="TEXCOORD" source="#Plane_009-mesh-map-0" offset="2" set="0"/>
          <p>1 0 0 2 0 1 0 0 2 5 1 3 6 1 4 4 1 5 9 2 6 10 2 7 8 2 8 13 3 9 14 3 10 12 3 11 17 4 12 18 4 13 16 4 14 21 5 15 22 5 16 20 5 17 25 6 18 26 6 19 24 6 20 29 0 21 30 0 22 28 0 23 33 7 24 34 7 25 32 7 26 37 8 27 38 8 28 36 8 29 41 9 30 42 9 31 40 9 32 45 10 33 46 10 34 44 10 35 49 7 36 50 7 37 48 7 38 53 11 39 54 11 40 52 11 41 57 12 42 58 12 43 56 12 44 61 10 45 62 10 46 60 10 47 65 13 48 66 13 49 64 13 50 69 14 51 70 14 52 68 14 53 73 15 54 74 15 55 72 15 56 77 16 57 78 16 58 76 16 59 81 17 60 82 17 61 80 17 62 85 18 63 86 18 64 84 18 65 89 19 66 90 19 67 88 19 68 93 20 69 94 20 70 92 20 71 97 7 72 98 7 73 96 7 74 101 21 75 102 21 76 100 21 77 105 22 78 106 22 79 104 22 80 109 10 81 110 10 82 108 10 83 113 23 84 114 23 85 112 23 86 117 24 87 118 24 88 116 24 89 121 25 90 122 25 91 120 25 92 125 26 93 126 26 94 124 26 95 129 27 96 130 27 97 128 27 98 133 28 99 134 28 100 132 28 101 137 29 102 138 29 103 136 29 104 141 30 105 142 30 106 140 30 107 145 31 108 146 31 109 144 31 110 149 32 111 150 32 112 148 32 113 153 33 114 154 33 115 152 33 116 157 10 117 158 10 118 156 10 119 161 7 120 162 7 121 160 7 122 165 34 123 166 34 124 164 34 125 169 35 126 170 35 127 168 35 128 173 10 129 174 10 130 172 10 131 177 7 132 178 7 133 176 7 134 181 36 135 182 36 136 180 36 137 185 37 138 186 37 139 184 37 140 189 10 141 190 10 142 188 10 143 193 31 144 194 31 145 192 31 146 197 38 147 198 38 148 196 38 149 201 39 150 202 39 151 200 39 152 205 10 153 206 10 154 204 10 155 1 0 156 3 0 157 2 0 158 5 40 159 7 40 160 6 40 161 9 41 162 11 41 163 10 41 164 13 42 165 15 42 166 14 42 167 17 43 168 19 43 169 18 43 170 21 44 171 23 44 172 22 44 173 25 45 174 27 45 175 26 45 176 29 0 177 31 0 178 30 0 179 33 7 180 35 7 181 34 7 182 37 46 183 39 46 184 38 46 185 41 47 186 43 47 187 42 47 188 45 10 189 47 10 190 46 10 191 49 7 192 51 7 193 50 7 194 53 48 195 55 48 196 54 48 197 57 49 198 59 49 199 58 49 200 61 10 201 63 10 202 62 10 203 65 13 204 67 13 205 66 13 206 69 46 207 71 46 208 70 46 209 73 47 210 75 47 211 74 47 212 77 16 213 79 16 214 78 16 215 81 7 216 83 7 217 82 7 218 85 46 219 87 46 220 86 46 221 89 47 222 91 47 223 90 47 224 93 10 225 95 10 226 94 10 227 97 7 228 99 7 229 98 7 230 101 46 231 103 46 232 102 46 233 105 47 234 107 47 235 106 47 236 109 10 237 111 10 238 110 10 239 113 23 240 115 23 241 114 23 242 117 46 243 119 46 244 118 46 245 121 47 246 123 47 247 122 47 248 125 26 249 127 26 250 126 26 251 129 27 252 131 27 253 130 27 254 133 46 255 135 46 256 134 46 257 137 47 258 139 47 259 138 47 260 141 30 261 143 30 262 142 30 263 145 31 264 147 31 265 146 31 266 149 46 267 151 46 268 150 46 269 153 47 270 155 47 271 154 47 272 157 10 273 159 10 274 158 10 275 161 7 276 163 7 277 162 7 278 165 46 279 167 46 280 166 46 281 169 47 282 171 47 283 170 47 284 173 10 285 175 10 286 174 10 287 177 7 288 179 7 289 178 7 290 181 50 291 183 50 292 182 50 293 185 51 294 187 51 295 186 51 296 189 10 297 191 10 298 190 10 299 193 31 300 195 31 301 194 31 302 197 46 303 199 46 304 198 46 305 201 47 306 203 47 307 202 47 308 205 10 309 207 10 310 206 10 311</p>
        </triangles>
      </mesh>
    </geometry>
    <geometry id="Icosphere-mesh" name="Icosphere">
      <mesh>
        <source id="Icosphere-mesh-positions">
          <float_array id="Icosphere-mesh-positions-array" count="1638">3.993052 9.41771 -3.84956 5.078463 8.58854 -4.638148 3.57847 8.588541 -5.125534 2.651412 8.588534 -3.84956 3.57847 8.58854 -2.573586 5.078463 8.58854 -3.060972 4.407634 7.24688 -5.125534 2.907641 7.246881 -4.638148 2.907641 7.246881 -3.060972 4.407634 7.24688 -2.573586 5.334691 7.246886 -3.84956 3.993052 6.41771 -3.84956 3.749368 9.193692 -4.599553 4.631036 9.193692 -4.313077 4.387355 8.706316 -5.063077 5.269023 8.706315 -3.84956 4.631036 9.193692 -3.386043 3.204457 9.193688 -3.84956 2.960768 8.706315 -4.599555 3.749368 9.193692 -3.099567 2.960768 8.706315 -3.099565 4.387355 8.706316 -2.636043 5.419639 7.91771 -4.313079 5.419639 7.91771 -3.386041 3.993052 7.91771 -5.34956 4.87473 7.91771 -5.063085 2.566465 7.91771 -4.313079 3.111373 7.91771 -5.063085 3.111373 7.91771 -2.636035 2.566465 7.91771 -3.386041 4.87473 7.91771 -2.636035 3.993052 7.91771 -2.34956 5.025336 7.129106 -4.599555 3.598749 7.129104 -5.063077 2.71708 7.129106 -3.84956 3.598749 7.129103 -2.636043 5.025336 7.129106 -3.099565 4.236735 6.641728 -4.599553 4.781647 6.641732 -3.84956 3.355068 6.641728 -4.313077 3.355068 6.641728 -3.386043 4.236735 6.641728 -3.099567 -6.329507 5.799165 1.374533 -5.244096 4.969995 0.5859447 -6.74409 4.969995 0.09855842 -7.671147 4.969989 1.374533 -6.74409 4.969995 2.650507 -5.244096 4.969995 2.163121 -5.914925 3.628335 0.09855842 -7.414918 3.628335 0.5859447 -7.414918 3.628335 2.163121 -5.914925 3.628335 2.650507 -4.987868 3.628342 1.374533 -6.329507 2.799165 1.374533 -6.57319 5.575147 0.6245399 -5.691524 5.575147 0.9110155 -5.935204 5.087771 0.161015 -5.053535 5.087769 1.374533 -5.691524 5.575147 1.83805 -7.118102 5.575143 1.374533 -7.361791 5.087769 0.624537 -6.57319 5.575147 2.124526 -7.361791 5.087769 2.124528 -5.935204 5.087771 2.58805 -4.90292 4.299165 0.9110141 -4.90292 4.299165 1.838051 -6.329507 4.299165 -0.1254673 -5.447829 4.299165 0.1610078 -7.756094 4.299165 0.9110141 -7.211186 4.299165 0.1610078 -7.211186 4.299165 2.588057 -7.756094 4.299165 1.838051 -5.447829 4.299165 2.588057 -6.329507 4.299165 2.874533 -5.297224 3.51056 0.624537 -6.723811 3.510558 0.161015 -7.60548 3.510561 1.374533 -6.723811 3.510558 2.58805 -5.297224 3.51056 2.124528 -6.085824 3.023183 0.6245399 -5.540913 3.023188 1.374533 -6.967491 3.023184 0.9110155 -6.967491 3.023184 1.83805 -6.085824 3.023183 2.124526 27.46879 3.999108 0.1529798 28.5542 3.210519 0.9821506 27.05421 2.723133 0.9821506 26.12715 3.999108 0.9821563 27.05421 5.275082 0.9821506 28.5542 4.787696 0.9821506 27.88337 2.723134 2.32381 26.38338 3.210519 2.32381 26.38338 4.787696 2.32381 27.88337 5.275082 2.32381 28.81043 3.999108 2.323803 27.46879 3.999107 3.15298 27.22511 3.249114 0.3769984 28.10677 3.53559 0.3769989 27.86309 2.78559 0.8643737 28.74476 3.999108 0.8643766 28.10677 4.462625 0.3769989 26.68019 3.999108 0.3770022 26.43651 3.249112 0.8643761 27.22511 4.749101 0.3769984 26.43651 4.749104 0.8643761 27.86309 5.212625 0.8643737 28.89538 3.535589 1.65298 28.89538 4.462626 1.65298 27.46879 2.499107 1.65298 28.35047 2.785583 1.65298 26.0422 3.535589 1.65298 26.58711 2.785583 1.65298 26.58711 5.212633 1.65298 26.0422 4.462626 1.65298 28.35047 5.212633 1.65298 27.46879 5.499107 1.65298 28.50107 3.249112 2.441585 27.07449 2.78559 2.441586 26.19282 3.999108 2.441585 27.07449 5.212625 2.441586 28.50107 4.749104 2.441585 27.71247 3.249114 2.928962 28.25738 3.999107 2.928958 26.83081 3.53559 2.928961 26.83081 4.462625 2.928961 27.71247 4.7491 2.928962 60.5915 -1.499909 -25.83407 61.67691 -2.288496 -25.0049 60.17692 -2.775883 -25.0049 59.24985 -1.499909 -25.00489 60.17692 -0.2239346 -25.0049 61.67691 -0.7113214 -25.0049 61.00608 -2.775882 -23.66324 59.50609 -2.288496 -23.66324 59.50609 -0.7113214 -23.66324 61.00608 -0.2239346 -23.66324 61.93314 -1.499909 -23.66325 60.5915 -1.499909 -22.83407 60.34781 -2.249901 -25.61005 61.22948 -1.963426 -25.61005 60.9858 -2.713426 -25.12267 61.86747 -1.499909 -25.12267 61.22948 -1.036392 -25.61005 59.8029 -1.499909 -25.61005 59.55921 -2.249905 -25.12267 60.34781 -0.7499166 -25.61005 59.55921 -0.7499127 -25.12267 60.9858 -0.2863917 -25.12268 62.01808 -1.963427 -24.33407 62.01808 -1.036391 -24.33407 60.5915 -2.999909 -24.33407 61.47318 -2.713434 -24.33407 59.16491 -1.963427 -24.33407 59.70981 -2.713434 -24.33407 59.70981 -0.2863841 -24.33407 59.16491 -1.036391 -24.33407 61.47318 -0.2863841 -24.33407 60.5915 9.10759e-5 -24.33407 61.62378 -2.249905 -23.54546 60.1972 -2.713426 -23.54546 59.31553 -1.499909 -23.54546 60.1972 -0.2863917 -23.54546 61.62378 -0.7499127 -23.54546 60.83518 -2.249901 -23.05809 61.38009 -1.499909 -23.05809 59.95351 -1.963426 -23.05809 59.95351 -1.036392 -23.05809 60.83518 -0.7499166 -23.05809 97.14443 0.9155092 17.86025 98.22985 0.1269211 18.68942 96.72985 -0.3604646 18.68942 95.80281 0.9155092 18.68943 96.72985 2.191483 18.68942 98.22985 1.704097 18.68942 97.55902 -0.3604646 20.03108 96.05903 0.1269211 20.03108 96.05903 1.704097 20.03108 97.55902 2.191483 20.03108 98.48608 0.9155092 20.03108 97.14443 0.9155092 20.86025 96.90075 0.1655163 18.08427 97.78242 0.451992 18.08427 97.53874 -0.2980085 18.57164 98.42041 0.9155092 18.57165 97.78242 1.379026 18.08427 96.35585 0.9155092 18.08428 96.11215 0.1655135 18.57165 96.90075 1.665502 18.08427 96.11215 1.665505 18.57165 97.53874 2.129026 18.57164 98.57102 0.4519906 19.36025 98.57102 1.379028 19.36025 97.14443 -0.5844903 19.36025 98.02612 -0.2980161 19.36025 95.71785 0.4519906 19.36025 96.26277 -0.2980161 19.36025 96.26277 2.129034 19.36025 95.71785 1.379028 19.36025 98.02612 2.129034 19.36025 97.14443 2.415509 19.36025 98.17672 0.1655135 20.14885 96.75013 -0.2980085 20.14886 95.86846 0.9155092 20.14885 96.75013 2.129026 20.14886 98.17672 1.665505 20.14885 97.38813 0.1655163 20.63624 97.93303 0.9155092 20.63623 96.50645 0.451992 20.63624 96.50645 1.379026 20.63624 97.38813 1.665502 20.63624 80.0311 -3.865422 -79.79338 81.11651 -4.65401 -78.96421 79.61652 -5.141397 -78.96421 78.68946 -3.865422 -78.9642 79.61652 -2.589448 -78.96421 81.11651 -3.076834 -78.96421 80.44567 -5.141396 -77.62255 78.94569 -4.65401 -77.62255 78.94569 -3.076834 -77.62255 80.44567 -2.589448 -77.62255 81.37274 -3.865422 -77.62255 80.0311 -3.865422 -76.79338 79.78741 -4.615415 -79.56935 80.66909 -4.32894 -79.56935 80.42539 -5.07894 -79.08198 81.30707 -3.865422 -79.08197 80.66909 -3.401906 -79.56935 79.2425 -3.865422 -79.56935 78.99881 -4.615418 -79.08198 79.78741 -3.115429 -79.56935 78.99881 -3.115427 -79.08198 80.42539 -2.651906 -79.08198 81.45768 -4.328941 -78.29338 81.45768 -3.401904 -78.29338 80.0311 -5.365422 -78.29338 80.91278 -5.078947 -78.29338 78.60451 -4.328941 -78.29338 79.14942 -5.078947 -78.29338 79.14942 -2.651897 -78.29338 78.60451 -3.401904 -78.29338 80.91278 -2.651897 -78.29338 80.0311 -2.365422 -78.29338 81.06338 -4.615418 -77.50477 79.6368 -5.07894 -77.50477 78.75513 -3.865422 -77.50477 79.6368 -2.651906 -77.50477 81.06338 -3.115427 -77.50477 80.27478 -4.615415 -77.01739 80.8197 -3.865422 -77.0174 79.39311 -4.32894 -77.01739 79.39311 -3.401906 -77.01739 80.27478 -3.115429 -77.01739 41.89754 -9.071652 -58.03795 42.98295 -9.860239 -57.20878 41.48296 -10.34762 -57.20878 40.5559 -9.071652 -57.20877 41.48296 -7.795678 -57.20878 42.98295 -8.283064 -57.20878 42.31212 -10.34762 -55.86712 40.81213 -9.860239 -55.86712 40.81213 -8.283064 -55.86712 42.31212 -7.795678 -55.86712 43.23918 -9.071652 -55.86712 41.89754 -9.071652 -55.03795 41.65386 -9.821644 -57.81393 42.53553 -9.53517 -57.81393 42.29185 -10.28517 -57.32655 43.17351 -9.071652 -57.32654 42.53553 -8.608134 -57.81393 41.10895 -9.071652 -57.81392 40.86526 -9.821648 -57.32655 41.65386 -8.32166 -57.81393 40.86526 -8.321656 -57.32655 42.29185 -7.858134 -57.32655 43.32413 -9.53517 -56.53795 43.32413 -8.608134 -56.53795 41.89754 -10.57165 -56.53795 42.77922 -10.28518 -56.53795 40.47096 -9.53517 -56.53795 41.01586 -10.28518 -56.53795 41.01586 -7.858125 -56.53795 40.47096 -8.608134 -56.53795 42.77922 -7.858125 -56.53795 41.89754 -7.571651 -56.53795 42.92983 -9.821648 -55.74934 41.50324 -10.28517 -55.74934 40.62157 -9.071652 -55.74934 41.50324 -7.858134 -55.74934 42.92983 -8.321656 -55.74934 42.14123 -9.821644 -55.26196 42.68614 -9.071652 -55.26197 41.25956 -9.53517 -55.26196 41.25956 -8.608134 -55.26196 42.14123 -8.32166 -55.26196 -0.1187586 3.394068 -109.5112 0.9666519 2.605479 -108.682 -0.5333409 2.118093 -108.682 -1.460398 3.394067 -108.682 -0.5333409 4.670042 -108.682 0.9666519 4.182655 -108.682 0.2958236 2.118093 -107.3404 -1.204169 2.605479 -107.3404 -1.204169 4.182655 -107.3404 0.2958236 4.670042 -107.3404 1.222881 3.394067 -107.3404 -0.1187586 3.394067 -106.5112 -0.362442 2.644075 -109.2872 0.5192251 2.930551 -109.2872 0.2755447 2.18055 -108.7998 1.157213 3.394067 -108.7998 0.5192251 3.857585 -109.2872 -0.9073532 3.394068 -109.2872 -1.151043 2.644072 -108.7998 -0.362442 4.14406 -109.2872 -1.151043 4.144063 -108.7998 0.2755447 4.607585 -108.7998 1.307828 2.930549 -108.0112 1.307828 3.857586 -108.0112 -0.1187586 1.894067 -108.0112 0.7629199 2.180542 -108.0112 -1.545346 2.930549 -108.0112 -1.000437 2.180542 -108.0112 -1.000437 4.607593 -108.0112 -1.545346 3.857586 -108.0112 0.7629199 4.607593 -108.0112 -0.1187586 4.894068 -108.0112 0.9135256 2.644072 -107.2226 -0.513062 2.18055 -107.2226 -1.394731 3.394067 -107.2226 -0.513062 4.607585 -107.2226 0.9135256 4.144063 -107.2226 0.1249246 2.644074 -106.7352 0.6698358 3.394067 -106.7352 -0.7567425 2.93055 -106.7352 -0.7567425 3.857584 -106.7352 0.1249246 4.14406 -106.7352 -71.14204 3.69292 -16.89743 -70.05664 2.904332 -16.06826 -71.55662 2.416946 -16.06826 -72.48368 3.69292 -16.06825 -71.55662 4.968894 -16.06826 -70.05664 4.481508 -16.06826 -70.72746 2.416946 -14.7266 -72.22745 2.904332 -14.7266 -72.22745 4.481508 -14.7266 -70.72746 4.968894 -14.7266 -69.80039 3.69292 -14.7266 -71.14204 3.69292 -13.89743 -71.38572 2.942927 -16.67341 -70.50405 3.229403 -16.67341 -70.74774 2.479403 -16.18603 -69.86607 3.69292 -16.18603 -70.50405 4.156437 -16.67341 -71.93064 3.69292 -16.67341 -72.17433 2.942924 -16.18603 -71.38572 4.442913 -16.67341 -72.17433 4.442916 -16.18603 -70.74774 4.906437 -16.18603 -69.71546 3.229402 -15.39743 -69.71546 4.156439 -15.39743 -71.14204 2.19292 -15.39743 -70.26036 2.479395 -15.39743 -72.56863 3.229402 -15.39743 -72.02372 2.479395 -15.39743 -72.02372 4.906445 -15.39743 -72.56863 4.156439 -15.39743 -70.26036 4.906445 -15.39743 -71.14204 5.19292 -15.39743 -70.10975 2.942924 -14.60882 -71.53634 2.479403 -14.60882 -72.41801 3.69292 -14.60882 -71.53634 4.906437 -14.60882 -70.10975 4.442916 -14.60882 -70.89836 2.942927 -14.12145 -70.35345 3.69292 -14.12145 -71.78002 3.229403 -14.12145 -71.78002 4.156437 -14.12145 -70.89836 4.442913 -14.12145 -73.71722 13.91181 -75.33136 -72.63181 13.12322 -74.50219 -74.1318 12.63583 -74.50219 -75.05886 13.91181 -74.50218 -74.1318 15.18778 -74.50219 -72.63181 14.70039 -74.50219 -73.30264 12.63583 -73.16053 -74.80263 13.12322 -73.16053 -74.80263 14.70039 -73.16053 -73.30264 15.18778 -73.16053 -72.37558 13.91181 -73.16054 -73.71722 13.91181 -72.33136 -73.9609 13.16181 -75.10734 -73.07923 13.44829 -75.10734 -73.32292 12.69829 -74.61997 -72.44125 13.91181 -74.61996 -73.07923 14.37532 -75.10734 -74.50582 13.91181 -75.10734 -74.74951 13.16181 -74.61997 -73.9609 14.6618 -75.10734 -74.74951 14.6618 -74.61997 -73.32292 15.12532 -74.61997 -72.29063 13.44829 -73.83136 -72.29063 14.37532 -73.83136 -73.71722 12.4118 -73.83136 -72.83554 12.69828 -73.83136 -75.14381 13.44829 -73.83136 -74.59889 12.69828 -73.83136 -74.59889 15.12533 -73.83136 -75.14381 14.37532 -73.83136 -72.83554 15.12533 -73.83136 -73.71722 15.41181 -73.83136 -72.68493 13.16181 -73.04276 -74.11152 12.69829 -73.04276 -74.99319 13.91181 -73.04276 -74.11152 15.12532 -73.04276 -72.68493 14.6618 -73.04276 -73.47354 13.16181 -72.55538 -72.92862 13.91181 -72.55538 -74.3552 13.44829 -72.55538 -74.3552 14.37532 -72.55538 -73.47354 14.6618 -72.55538 -45.8238 9.438857 -118.7271 -44.73839 8.650268 -117.8979 -46.23838 8.162882 -117.8979 -47.16543 9.438857 -117.8979 -46.23838 10.71483 -117.8979 -44.73839 10.22744 -117.8979 -45.40921 8.162882 -116.5563 -46.90921 8.650268 -116.5563 -46.90921 10.22744 -116.5563 -45.40921 10.71483 -116.5563 -44.48216 9.438857 -116.5563 -45.8238 9.438857 -115.7271 -46.06748 8.688863 -118.5031 -45.18581 8.975339 -118.5031 -45.42949 8.225338 -118.0157 -44.54783 9.438857 -118.0157 -45.18581 9.902374 -118.5031 -46.6124 9.438857 -118.5031 -46.85609 8.68886 -118.0157 -46.06748 10.18885 -118.5031 -46.85609 10.18885 -118.0157 -45.42949 10.65237 -118.0157 -44.39721 8.975337 -117.2271 -44.39721 9.902375 -117.2271 -45.8238 7.938856 -117.2271 -44.94212 8.225331 -117.2271 -47.25038 8.975337 -117.2271 -46.70547 8.225331 -117.2271 -46.70547 10.65238 -117.2271 -47.25038 9.902375 -117.2271 -44.94212 10.65238 -117.2271 -45.8238 10.93886 -117.2271 -44.79151 8.68886 -116.4385 -46.2181 8.225339 -116.4385 -47.09977 9.438857 -116.4385 -46.2181 10.65237 -116.4385 -44.79151 10.18885 -116.4385 -45.58012 8.688863 -115.9511 -45.0352 9.438857 -115.9512 -46.46178 8.975338 -115.9512 -46.46178 9.902373 -115.9512 -45.58012 10.18885 -115.9511 -32.76346 7.382251 -56.33868 -31.67805 6.593663 -55.50951 -33.17804 6.106277 -55.50951 -34.1051 7.382251 -55.50951 -33.17804 8.658226 -55.50951 -31.67805 8.17084 -55.50951 -32.34888 6.106277 -54.16785 -33.84887 6.593663 -54.16785 -33.84887 8.17084 -54.16785 -32.34888 8.658226 -54.16785 -31.42182 7.382251 -54.16786 -32.76346 7.382251 -53.33868 -33.00714 6.632258 -56.11466 -32.12547 6.918734 -56.11466 -32.36915 6.168734 -55.62729 -31.48749 7.382251 -55.62728 -32.12547 7.845768 -56.11466 -33.55205 7.382251 -56.11466 -33.79574 6.632256 -55.62729 -33.00714 8.132245 -56.11466 -33.79574 8.132247 -55.62729 -32.36915 8.595768 -55.62729 -31.33687 6.918733 -54.83868 -31.33687 7.84577 -54.83868 -32.76346 5.882251 -54.83868 -31.88178 6.168726 -54.83868 -34.19004 6.918733 -54.83868 -33.64514 6.168726 -54.83868 -33.64514 8.595776 -54.83868 -34.19004 7.84577 -54.83868 -31.88178 8.595776 -54.83868 -32.76346 8.882251 -54.83868 -31.73117 6.632256 -54.05007 -33.15776 6.168734 -54.05007 -34.03943 7.382251 -54.05007 -33.15776 8.595768 -54.05007 -31.73117 8.132247 -54.05007 -32.51977 6.632258 -53.5627 -31.97486 7.382251 -53.5627 -33.40144 6.918734 -53.5627 -33.40144 7.845768 -53.5627 -32.51977 8.132245 -53.5627 65.56437 -4.643304 -131.8013 66.64978 -5.431892 -130.9721 65.14979 -5.919278 -130.9721 64.22273 -4.643304 -130.9721 65.14979 -3.36733 -130.9721 66.64978 -3.854717 -130.9721 65.97895 -5.919278 -129.6304 64.47896 -5.431892 -129.6304 64.47896 -3.854717 -129.6304 65.97895 -3.36733 -129.6304 66.90601 -4.643304 -129.6305 65.56437 -4.643304 -128.8013 65.32068 -5.393297 -131.5773 66.20236 -5.106822 -131.5773 65.95867 -5.856822 -131.0899 66.84034 -4.643304 -131.0899 66.20236 -4.179787 -131.5773 64.77577 -4.643304 -131.5773 64.53208 -5.393301 -131.0899 65.32068 -3.893312 -131.5773 64.53208 -3.893308 -131.0899 65.95867 -3.429787 -131.0899 66.99095 -5.106822 -130.3013 66.99095 -4.179786 -130.3013 65.56437 -6.143304 -130.3013 66.44605 -5.85683 -130.3013 64.13778 -5.106822 -130.3013 64.68269 -5.85683 -130.3013 64.68269 -3.42978 -130.3013 64.13778 -4.179786 -130.3013 66.44605 -3.42978 -130.3013 65.56437 -3.143304 -130.3013 66.59665 -5.393301 -129.5127 65.17007 -5.856822 -129.5127 64.2884 -4.643304 -129.5127 65.17007 -3.429787 -129.5127 66.59665 -3.893308 -129.5127 65.80805 -5.393297 -129.0253 66.35296 -4.643304 -129.0253 64.92639 -5.106822 -129.0253 64.92639 -4.179787 -129.0253 65.80805 -3.893312 -129.0253</float_array>
          <technique_common>
            <accessor source="#Icosphere-mesh-positions-array" count="546" stride="3">
              <param name="X" type="float"/>
              <param name="Y" type="float"/>
              <param name="Z" type="float"/>
            </accessor>
          </technique_common>
        </source>
        <source id="Icosphere-mesh-normals">
          <float_array id="Icosphere-mesh-normals-array" count="3060">0.1023802 0.9435236 -0.31509 0.7002238 0.6616988 -0.2680327 -0.2680336 0.9435232 -0.1947356 -0.2680335 0.9435233 0.1947354 0.1023802 0.9435236 0.31509 0.9049893 0.3303838 -0.2680315 0.02474635 0.3303853 -0.9435217 -0.8896973 0.3303846 -0.315095 -0.5746017 0.3303872 0.7487838 0.5345758 0.330386 0.7778651 0.8026089 0.125628 -0.5831267 -0.3065684 0.1256279 -0.9435219 -0.9920775 0.1256279 0 -0.3065689 0.1256284 0.9435217 0.8026089 0.125628 0.5831266 0.4089457 -0.6616986 -0.6284254 -0.4712992 -0.6616981 -0.5831232 -0.7002246 -0.6616984 0.2680313 0.03852975 -0.6616993 0.7487787 0.7240418 -0.6616959 0.1947357 0.2680341 -0.9435231 0.194736 0.491119 -0.7946574 0.3568216 0.408946 -0.6616989 0.6284248 -0.1023808 -0.943524 0.3150884 -0.1875934 -0.7946573 0.5773461 -0.4712995 -0.6616982 0.583123 -0.3313043 -0.943524 0 -0.6070607 -0.7946555 0 -0.7002242 -0.6616988 -0.2680314 -0.102381 -0.9435237 -0.3150893 -0.1875939 -0.7946571 -0.5773462 0.03852975 -0.6616991 -0.7487788 0.2680342 -0.9435232 -0.1947352 0.491119 -0.7946574 -0.3568216 0.7240417 -0.661696 -0.1947358 0.8896973 -0.3303839 0.3150957 0.7946562 -0.1875951 0.5773471 0.5746018 -0.3303871 0.7487839 -0.02474653 -0.3303861 0.9435214 -0.3035309 -0.1875975 0.9341714 -0.5345769 -0.3303867 0.7778639 -0.904989 -0.3303846 0.2680318 -0.9822458 -0.1875991 0 -0.9049893 -0.3303837 -0.2680317 -0.5345758 -0.3303864 -0.7778648 -0.303532 -0.1875974 -0.934171 -0.02474582 -0.3303855 -0.9435217 0.5746024 -0.3303868 -0.7487834 0.7946563 -0.1875951 -0.5773469 0.8896972 -0.3303841 -0.3150959 0.3065692 -0.1256285 0.9435215 0.3035311 0.1875975 0.9341713 0.02474606 0.3303858 0.9435216 -0.8026098 -0.1256279 0.5831256 -0.7946554 0.1875954 0.5773481 -0.8896974 0.3303842 0.3150948 -0.8026095 -0.1256281 -0.5831257 -0.7946556 0.1875956 -0.5773479 -0.5746035 0.3303875 -0.7487823 0.3065686 -0.1256284 -0.9435218 0.3035317 0.1875973 -0.9341713 0.5345758 0.3303869 -0.7778647 0.9920774 -0.1256287 0 0.9822457 0.1875994 0 0.9049896 0.3303835 0.2680311 0.4712992 0.6616982 0.583123 0.1875939 0.7946574 0.5773459 -0.03852975 0.6616991 0.7487789 -0.4089464 0.6616981 0.6284255 -0.4911189 0.7946578 0.3568209 -0.7240421 0.6616954 0.1947365 -0.7240421 0.6616954 -0.1947365 -0.4911187 0.7946577 -0.3568214 -0.4089458 0.6616985 -0.6284254 0.7002236 0.6616989 0.2680326 0.6070609 0.7946555 0 0.3313035 0.9435243 0 -0.03852975 0.6617006 -0.7487776 0.1875941 0.7946575 -0.5773456 0.471299 0.6616984 -0.5831231 0.1023808 0.9435238 -0.3150891 0.7002236 0.6616994 -0.2680318 -0.2680341 0.943523 -0.1947361 -0.2680342 0.9435229 0.1947361 0.1023809 0.9435238 0.3150891 0.9049886 0.3303853 -0.268032 0.02474695 0.3303858 -0.9435216 -0.8896972 0.3303847 -0.315095 -0.5746018 0.330388 0.7487835 0.5345749 0.3303861 0.7778656 0.8026091 0.1256272 -0.5831264 -0.3065689 0.1256281 -0.9435217 -0.9920774 0.1256287 0 -0.3065688 0.1256281 0.9435217 0.8026091 0.1256272 0.5831264 0.4089461 -0.6616994 -0.6284243 -0.4712995 -0.6616992 -0.5831219 -0.7002229 -0.6617001 0.2680318 0.03852969 -0.6616997 0.7487783 0.7240413 -0.6616963 0.1947362 0.2680348 -0.9435228 0.1947367 0.4911195 -0.7946575 0.356821 0.4089459 -0.6616994 0.6284245 -0.1023812 -0.9435236 0.3150897 -0.1875942 -0.7946581 0.5773449 -0.4712995 -0.6616984 0.5831227 -0.3313053 -0.9435237 0 -0.6070598 -0.7946562 0 -0.7002229 -0.6617 -0.2680318 -0.1023812 -0.9435235 -0.3150898 -0.1875944 -0.7946576 -0.5773454 0.0385304 -0.6616995 -0.7487784 0.2680346 -0.9435228 -0.1947368 0.4911195 -0.7946575 -0.3568209 0.7240415 -0.6616962 -0.194736 0.8896974 -0.3303846 0.3150948 0.7946555 -0.1875949 0.5773482 0.5746024 -0.3303868 0.7487834 -0.02474725 -0.3303862 0.9435214 -0.3035308 -0.1875976 0.9341714 -0.5345764 -0.3303862 0.7778644 -0.9049894 -0.3303831 0.2680321 -0.9822459 -0.1875982 0 -0.9049894 -0.3303831 -0.2680321 -0.5345765 -0.3303862 -0.7778644 -0.3035312 -0.1875969 -0.9341714 -0.02474683 -0.3303857 -0.9435216 0.5746023 -0.3303869 -0.7487835 0.7946555 -0.1875952 -0.5773481 0.8896973 -0.3303846 -0.3150948 0.3065694 -0.1256282 0.9435216 0.3035315 0.1875977 0.9341713 0.02474719 0.3303859 0.9435214 -0.8026088 -0.1256278 0.5831267 -0.7946557 0.1875957 0.5773476 -0.8896972 0.3303847 0.315095 -0.8026089 -0.1256278 -0.5831266 -0.7946556 0.1875956 -0.5773476 -0.5746026 0.3303878 -0.7487829 0.3065692 -0.125628 -0.9435216 0.3035313 0.1875973 -0.9341713 0.5345755 0.3303861 -0.7778652 0.9920775 -0.1256272 0 0.9822461 0.1875971 0 0.9049887 0.3303853 0.2680318 0.4712995 0.6616991 0.5831219 0.1875944 0.7946576 0.5773454 -0.03853011 0.6616993 0.7487787 -0.4089458 0.6616985 0.6284254 -0.491119 0.7946579 0.3568207 -0.7240417 0.6616958 0.1947368 -0.7240418 0.6616957 -0.1947368 -0.4911188 0.7946579 -0.3568211 -0.4089459 0.6616984 -0.6284254 0.7002235 0.6616994 0.2680318 0.6070603 0.7946559 0 0.3313046 0.943524 0 -0.03853005 0.6616992 -0.7487788 0.1875942 0.7946575 -0.5773456 0.4712997 0.6616994 -0.5831215 0.1023815 -0.31509 -0.9435234 0.7002229 -0.2680293 -0.661701 -0.2680335 -0.1947373 -0.9435229 -0.2680335 0.1947372 -0.9435229 0.1023816 0.3150897 -0.9435234 0.90499 -0.2680298 -0.3303835 0.02474677 -0.9435217 -0.3303856 -0.8896999 -0.3150889 -0.3303833 -0.5746002 0.7487851 -0.3303868 0.5345732 0.7778672 -0.3303851 0.8026102 -0.5831251 -0.1256261 -0.3065704 -0.9435212 -0.1256283 -0.9920778 0 -0.1256256 -0.30657 0.9435212 -0.1256291 0.8026103 0.5831252 -0.1256265 0.4089447 -0.6284286 0.6616962 -0.471299 -0.5831227 0.6616987 -0.7002236 0.268033 0.6616988 0.03852945 0.748777 0.6617013 0.724042 0.1947368 0.6616954 0.2680345 0.1947373 0.9435227 0.4911189 0.3568199 0.7946583 0.4089453 0.6284261 0.6616981 -0.102382 0.3150895 0.9435235 -0.1875951 0.5773466 0.7946566 -0.4712989 0.5831229 0.6616986 -0.3313041 0 0.9435241 -0.60706 0 0.7946561 -0.7002239 -0.2680331 0.6616984 -0.1023817 -0.31509 0.9435234 -0.1875949 -0.5773462 0.7946569 0.03853023 -0.7487775 0.6617006 0.2680341 -0.194737 0.9435229 0.4911189 -0.3568202 0.7946583 0.7240428 -0.194737 0.6616945 0.8896961 0.3150976 0.3303855 0.7946574 0.5773453 0.1875961 0.5746037 0.7487815 0.3303891 -0.02474743 0.9435218 0.3303849 -0.303532 0.9341706 0.1875995 -0.5345748 0.7778656 0.3303864 -0.9049894 0.2680319 0.3303833 -0.9822461 0 0.1875969 -0.9049894 -0.2680319 0.3303833 -0.5345753 -0.7778652 0.3303862 -0.3035326 -0.9341707 0.1875986 -0.02474683 -0.9435216 0.3303856 0.5746039 -0.7487816 0.3303884 0.7946572 -0.5773452 0.1875967 0.8896961 -0.3150976 0.3303855 0.3065682 0.943522 0.1256276 0.3035308 0.9341713 -0.187598 0.02474725 0.9435216 -0.3303856 -0.8026099 0.5831255 0.1256269 -0.7946554 0.577349 -0.1875924 -0.8897001 0.3150889 -0.3303828 -0.8026099 -0.5831254 0.1256273 -0.7946553 -0.577349 -0.1875931 -0.5746008 -0.748785 -0.3303862 0.3065687 -0.9435217 0.1256283 0.3035313 -0.9341714 -0.1875971 0.5345739 -0.7778667 -0.3303853 0.9920774 0 0.1256287 0.9822462 0 -0.187597 0.90499 0.2680298 -0.3303837 0.4712973 0.5831245 -0.6616984 0.1875953 0.5773451 -0.7946577 -0.03852975 0.7487796 -0.6616983 -0.4089466 0.628422 -0.6617012 -0.4911183 0.3568216 -0.794658 -0.7240428 0.1947374 -0.6616944 -0.7240428 -0.1947374 -0.6616944 -0.4911182 -0.3568215 -0.7946581 -0.4089471 -0.6284221 -0.6617009 0.700223 0.2680264 -0.661702 0.6070587 0 -0.7946571 0.3313062 0 -0.9435233 -0.03853029 -0.74878 -0.6616979 0.1875949 -0.577345 -0.7946578 0.4712976 -0.583124 -0.6616986 0.1023768 -0.3150889 -0.9435243 0.7002251 -0.2680394 -0.6616947 -0.2680324 -0.1947388 -0.9435229 -0.2680323 0.1947388 -0.943523 0.1023768 0.315089 -0.9435243 0.9049904 -0.2680299 -0.3303822 0.0247482 -0.9435209 -0.3303874 -0.889698 -0.3150942 -0.3303835 -0.5745974 0.7487867 -0.3303882 0.5345712 0.7778676 -0.3303871 0.8026107 -0.5831239 -0.1256289 -0.3065679 -0.9435219 -0.125629 -0.9920777 0 -0.1256261 -0.3065679 0.9435219 -0.125629 0.8026107 0.5831239 -0.1256289 0.4089436 -0.6284273 0.6616981 -0.4712939 -0.5831277 0.661698 -0.7002246 0.2680281 0.6616997 0.0385276 0.7487789 0.6616992 0.7240428 0.1947305 0.6616964 0.2680336 0.1947358 0.9435232 0.4911199 0.3568179 0.7946587 0.4089436 0.6284297 0.6616957 -0.1023816 0.3150897 0.9435235 -0.1875942 0.5773491 0.794655 -0.4712963 0.5831269 0.661697 -0.3313027 0 0.9435245 -0.6070628 0 0.7946538 -0.7002258 -0.2680225 0.6617008 -0.1023786 -0.3150897 0.9435238 -0.1875942 -0.577349 0.794655 0.0385307 -0.7487794 0.6616984 0.2680338 -0.1947359 0.9435232 0.4911183 -0.3568181 0.7946595 0.7240421 -0.1947364 0.6616954 0.8896955 0.3151047 0.33038 0.7946599 0.5773427 0.1875933 0.5746033 0.7487807 0.3303916 -0.0247482 0.9435209 0.3303873 -0.3035278 0.9341723 0.1875979 -0.5345777 0.7778609 0.3303926 -0.904987 0.2680329 0.330389 -0.982245 0 0.1876032 -0.9049871 -0.2680329 0.330389 -0.5345777 -0.7778609 0.3303924 -0.3035278 -0.9341723 0.1875981 -0.02474665 -0.9435207 0.330388 0.5746033 -0.7487807 0.3303918 0.7946599 -0.5773427 0.1875932 0.8896955 -0.3151047 0.3303803 0.3065665 0.9435223 0.1256295 0.3035319 0.9341707 -0.1875997 0.02474641 0.9435222 -0.3303838 -0.8026095 0.5831251 0.1256318 -0.7946557 0.5773481 -0.1875942 -0.889698 0.3150943 -0.3303833 -0.8026095 -0.5831251 0.1256318 -0.7946557 -0.5773481 -0.187594 -0.574598 -0.7487865 -0.330388 0.3065668 -0.943522 0.125631 0.3035311 -0.9341709 -0.1875998 0.5345745 -0.7778639 -0.3303907 0.9920785 0 0.1256198 0.9822465 0 -0.187595 0.9049904 0.2680299 -0.3303824 0.4713028 0.583119 -0.6616993 0.1875919 0.5773448 -0.7946585 -0.03853219 0.7487788 -0.6616991 -0.4089456 0.6284251 -0.6616989 -0.4911165 0.3568271 -0.7946565 -0.724043 0.194729 -0.6616966 -0.7240431 -0.194729 -0.6616965 -0.4911155 -0.3568273 -0.7946572 -0.4089456 -0.6284251 -0.6616989 0.7002263 0.2680338 -0.6616957 0.6070628 0 -0.7946538 0.3313027 0 -0.9435245 -0.0385288 -0.7487782 -0.6616999 0.1875933 -0.5773514 -0.7946535 0.4713008 -0.5831189 -0.6617008 0.1023786 -0.3150896 -0.9435239 0.7002271 -0.2680219 -0.6616997 -0.2680348 -0.1947351 -0.9435231 -0.2680348 0.1947351 -0.9435229 0.1023785 0.3150895 -0.9435239 0.9049882 -0.2680293 -0.3303886 0.02474665 -0.9435198 -0.3303908 -0.8897 -0.3150833 -0.3303883 -0.5745975 0.7487908 -0.3303788 0.5345771 0.7778642 -0.3303857 0.8025991 -0.5831397 -0.1256297 -0.3065724 -0.9435206 -0.1256273 -0.9920765 0 -0.1256359 -0.3065738 0.9435201 -0.1256275 0.8025991 0.5831397 -0.1256299 0.4089469 -0.6284309 0.6616927 -0.4713047 -0.5831214 0.6616959 -0.7002274 0.2680342 0.6616944 0.03852671 0.7487854 0.6616918 0.7240422 0.1947364 0.6616953 0.2680326 0.194732 0.9435243 0.4911259 0.3568094 0.7946586 0.4089473 0.6284307 0.6616926 -0.1023808 0.3150933 0.9435223 -0.1875936 0.5773422 0.79466 -0.4713024 0.5831223 0.6616967 -0.6070661 0 0.7946513 -0.7002274 -0.2680342 0.6616943 -0.1023808 -0.3150933 0.9435224 -0.1875911 -0.5773422 0.7946607 0.03852671 -0.7487854 0.6616918 0.2680326 -0.1947319 0.9435243 0.4911256 -0.3568095 0.7946589 0.7240421 -0.1947364 0.6616954 0.8897001 0.315085 0.3303866 0.7946538 0.5773504 0.1875955 0.5746035 0.7487825 0.3303871 -0.02474635 0.9435223 0.3303835 -0.3035301 0.9341723 0.1875944 -0.5345814 0.7778617 0.3303844 -0.9049814 0.2680607 0.3303821 -0.9822463 0 0.187596 -0.9049814 -0.2680607 0.3303821 -0.5345814 -0.7778617 0.3303846 -0.30353 -0.9341726 0.1875936 -0.0247479 -0.9435226 0.3303829 0.5746035 -0.7487825 0.3303871 0.7946533 -0.577351 0.1875958 0.8897001 -0.315085 0.3303865 0.3065723 0.9435204 0.1256294 0.3035309 0.9341715 -0.1875969 0.02474665 0.9435195 -0.3303914 -0.8026099 0.5831254 0.1256281 -0.7946565 0.5773478 -0.1875918 -0.8897072 0.315061 -0.3303904 -0.8026099 -0.5831254 0.1256279 -0.7946571 -0.5773472 -0.1875916 -0.5745982 -0.7487903 -0.3303787 0.3065741 -0.9435198 0.1256292 0.3035303 -0.9341719 -0.1875964 0.5345776 -0.7778639 -0.3303855 0.9920777 0 0.1256262 0.982245 0 -0.1876034 0.9049882 0.2680293 -0.3303886 0.4713014 0.5831233 -0.6616965 0.1875944 0.5773445 -0.7946583 -0.0385338 0.7487759 -0.6617022 -0.4089479 0.6284241 -0.6616984 -0.4911201 0.3568278 -0.794654 -0.724047 0.194715 -0.6616963 -0.7240471 -0.194715 -0.6616961 -0.4911201 -0.3568279 -0.794654 -0.4089479 -0.6284241 -0.6616984 0.7002271 0.2680219 -0.6616995 -0.03853148 -0.748776 -0.6617023 0.1875918 -0.5773444 -0.794659 0.4713026 -0.5831229 -0.661696 0.1023958 -0.3150927 -0.943521 0.7002215 -0.2680342 -0.6617004 -0.2680431 -0.1947433 -0.943519 -0.2680433 0.1947435 -0.9435189 0.1023959 0.3150929 -0.9435209 0.9049986 -0.2680053 -0.3303799 0.02474391 -0.9435204 -0.3303892 -0.8896991 -0.3150925 -0.3303818 -0.5745911 0.7487904 -0.3303909 0.5345654 0.7778708 -0.330389 0.8026072 -0.5831301 -0.125623 -0.306568 -0.943522 -0.1256275 -0.992078 0 -0.125624 -0.3065679 0.9435217 -0.1256298 0.8026071 0.5831301 -0.1256238 0.4089621 -0.6284263 0.6616876 -0.4712986 -0.583126 0.6616961 -0.700232 0.2680411 0.6616865 0.03852128 0.7487861 0.6616914 0.7240543 0.1947242 0.6616856 0.2680438 0.1947373 0.94352 0.4911088 0.356822 0.7946636 0.4089626 0.6284261 0.6616874 -0.1023848 0.3150842 0.943525 -0.1875899 0.5773464 0.7946579 -0.4712985 0.5831259 0.6616963 -0.3313026 0 0.9435247 -0.607066 0 0.7946516 -0.7002317 -0.268041 0.661687 -0.1023847 -0.3150838 0.9435251 -0.1875997 -0.577345 0.7946567 0.03852128 -0.7487863 0.6616912 0.2680434 -0.1947371 0.9435202 0.4911158 -0.3568201 0.7946602 0.7240479 -0.1947258 0.6616922 0.8896955 0.3151025 0.3303824 0.7946613 0.57734 0.1875957 0.5745924 0.748789 0.3303916 -0.02474516 0.9435213 0.3303867 -0.3035309 0.9341709 0.1876005 -0.5345737 0.7778661 0.3303866 -0.904982 0.2680471 0.3303915 -0.9822447 0 0.1876044 -0.9049818 -0.268047 0.330392 -0.534574 -0.7778666 0.3303853 -0.3035284 -0.9341719 0.1875988 -0.02474975 -0.9435216 0.3303853 0.5745844 -0.7487946 0.3303929 0.7946614 -0.5773401 0.1875951 0.8896979 -0.315099 0.3303791 0.3065658 0.943522 0.125633 0.303533 0.93417 -0.187601 0.02474999 0.9435197 -0.3303908 -0.8026196 0.5831104 0.1256343 -0.7946508 0.5773538 -0.1875969 -0.889698 0.3150943 -0.3303832 -0.8026219 -0.5831077 0.1256327 -0.7946567 -0.5773469 -0.1875939 -0.5745924 -0.74879 -0.3303896 0.3065687 -0.9435214 0.1256306 0.3035313 -0.9341713 -0.187598 0.5345739 -0.7778662 -0.3303859 0.9920775 0 0.125627 0.9822458 0 -0.1875989 0.9049957 0.2680166 -0.3303783 0.4713109 0.5831109 -0.6617007 0.187588 0.577351 -0.794655 -0.03853726 0.7487739 -0.6617044 -0.4089548 0.6284238 -0.6616945 -0.4911221 0.3568274 -0.7946529 -0.7240374 0.1947323 -0.6617017 -0.7240371 -0.1947322 -0.6617022 -0.4911255 -0.3568262 -0.7946514 -0.4089546 -0.6284235 -0.6616949 0.7002242 0.2680231 -0.6617022 0.6070724 0 -0.7946465 0.3313026 0 -0.9435247 -0.03853726 -0.7487731 -0.6617052 0.187588 -0.5773507 -0.7946553 0.4713113 -0.5831115 -0.6616998 0.1023785 -0.3150956 -0.9435219 0.7002242 -0.2680231 -0.6617022 -0.2680322 -0.1947394 -0.9435229 -0.2680318 0.1947391 -0.9435231 0.1023784 0.3150951 -0.943522 0.9049876 -0.2680403 -0.3303817 0.02474969 -0.9435202 -0.3303894 -0.8897021 -0.3150836 -0.3303825 -0.5745958 0.7487885 -0.330387 0.5345807 0.777859 -0.3303924 0.802611 -0.5831241 -0.1256263 -0.3065678 -0.9435215 -0.1256321 -0.9920777 0 -0.1256269 -0.3065679 0.9435219 -0.125629 0.8026108 0.5831239 -0.1256278 0.4089357 -0.6284314 0.6616991 -0.4712892 -0.5831294 0.6616999 -0.7002219 0.2680344 0.6617 0.03852719 0.7487828 0.6616949 0.7240457 0.1947252 0.6616948 0.2680324 0.1947318 0.9435243 0.4911158 0.3568215 0.7946594 0.408939 0.6284334 0.6616951 -0.1023786 0.3150837 0.9435259 -0.1875998 0.5773453 0.7946565 -0.4712941 0.583128 0.6616975 -0.3312912 0 0.9435286 -0.6070653 0 0.794652 -0.7002219 -0.2680344 0.6617 -0.1023849 -0.3150844 0.9435248 -0.1876044 -0.5773439 0.7946563 0.0385335 -0.7487812 0.6616962 0.2680326 -0.194732 0.9435243 0.4911125 -0.3568228 0.7946609 0.7240457 -0.1947252 0.6616948 0.8897016 0.3150897 0.3303778 0.7946571 0.5773472 0.1875908 0.5746012 0.7487847 0.3303862 -0.02475041 0.9435206 0.3303884 -0.303524 0.934174 0.1875965 -0.5345824 0.7778589 0.3303897 -0.9049873 0.2680431 0.3303798 -0.982246 0 0.1875977 -0.9049876 -0.2680431 0.3303795 -0.534578 -0.7778614 0.3303908 -0.3035257 -0.9341737 0.1875945 -0.02474886 -0.9435211 0.3303871 0.5746012 -0.7487847 0.3303862 0.7946572 -0.5773473 0.18759 0.8897019 -0.3150898 0.3303772 0.3065652 0.9435228 0.1256292 0.3035303 0.934172 -0.1875961 0.02474665 0.9435203 -0.3303894 -0.8026087 0.5831268 0.1256284 -0.7946571 0.5773472 -0.1875912 -0.8897023 0.3150836 -0.3303822 -0.8026109 -0.583124 0.125627 -0.7946553 -0.5773497 -0.1875904 -0.5745989 -0.7487856 -0.330388 0.3065651 -0.9435226 0.1256307 0.3035269 -0.9341733 -0.1875944 0.5345799 -0.7778596 -0.3303919 0.9920778 0 0.1256254 0.9822452 0 -0.1876015 0.9049874 0.2680403 -0.3303821 0.4712995 0.5831256 -0.6616958 0.1875905 0.5773433 -0.79466 -0.03853201 0.7487787 -0.6616993 -0.4089438 0.6284225 -0.6617025 -0.4911276 0.3568188 -0.7946534 -0.7240402 0.1947255 -0.6617008 -0.7240405 -0.1947255 -0.6617004 -0.4911247 -0.35682 -0.7946547 -0.4089438 -0.6284225 -0.6617025 0.7002253 0.2680174 -0.6617032 0.6070653 0 -0.794652 0.3313129 0 -0.943521 -0.03853052 -0.7487794 -0.6616985 0.1875902 -0.5773422 -0.794661 0.4712991 -0.583125 -0.6616967 0.1023728 -0.3150847 -0.9435261 0.7002198 -0.2680374 -0.661701 -0.2680106 -0.1947358 -0.9435297 -0.2680336 0.1947348 -0.9435234 0.1023909 0.3150843 -0.9435243 0.904989 -0.2680359 -0.3303812 0.02474915 -0.9435228 -0.3303819 -0.8896993 -0.3150955 -0.3303785 -0.5745984 0.7487882 -0.3303833 0.534582 0.7778626 -0.3303818 0.8026156 -0.583118 -0.1256247 -0.3065726 -0.9435205 -0.1256273 -0.992078 0 -0.1256238 -0.3065726 0.9435205 -0.1256285 0.8026157 0.5831182 -0.125624 0.4089348 -0.6284312 0.6616998 -0.4713096 -0.5831192 0.6616944 -0.7002197 0.2680397 0.6617002 0.03853332 0.7487813 0.6616962 0.724038 0.1947365 0.6617 0.268033 0.1947382 0.9435229 0.491128 0.3568181 0.7946535 0.4089322 0.6284316 0.6617011 -0.1023845 0.3150969 0.9435208 -0.1876094 0.5773438 0.7946553 -0.4713 0.5831224 0.6616984 -0.3313252 0 0.9435167 -0.6070579 0 0.7946577 -0.7002197 -0.2680397 0.6617002 -0.1023844 -0.3150966 0.9435209 -0.1875997 -0.5773453 0.7946564 0.03853332 -0.7487816 0.6616958 0.2680331 -0.1947382 0.9435228 0.4911295 -0.3568175 0.7946528 0.7240378 -0.1947364 0.6617001 0.8896989 0.3150902 0.3303847 0.7946484 0.5773566 0.1875991 0.5746155 0.7487738 0.3303859 -0.02475428 0.9435198 0.3303901 -0.3035244 0.9341729 0.1876005 -0.5345681 0.7778667 0.3303943 -0.9049883 0.2680326 0.3303858 -0.982245 0 0.187603 -0.9049884 -0.2680326 0.3303856 -0.5345681 -0.7778667 0.3303943 -0.3035222 -0.9341736 0.1876005 -0.02475428 -0.9435198 0.3303901 0.5746154 -0.7487738 0.3303863 0.7946483 -0.5773566 0.1875993 0.8896989 -0.3150902 0.3303849 0.3065679 0.9435217 0.1256307 0.3035331 0.9341711 -0.187595 0.02474302 0.9435228 -0.3303828 -0.8026117 0.5831222 0.1256301 -0.7946575 0.5773466 -0.1875911 -0.8897006 0.3150938 -0.3303768 -0.8026118 -0.5831223 0.1256299 -0.7946557 -0.577349 -0.1875916 -0.5746024 -0.7487854 -0.3303823 0.3065665 -0.9435222 0.1256304 0.3035303 -0.9341723 -0.1875941 0.5345836 -0.7778615 -0.3303813 0.9920773 0 0.1256294 0.9822465 0 -0.187595 0.904989 0.2680359 -0.3303815 0.4712929 0.5831204 -0.6617051 0.1875911 0.5773389 -0.7946631 -0.03852909 0.7487761 -0.6617022 -0.4089438 0.6284251 -0.6617 -0.4911147 0.3568184 -0.7946615 -0.7240386 0.1947329 -0.6617003 -0.7240384 -0.1947329 -0.6617006 -0.49111 -0.3568194 -0.7946641 -0.4089438 -0.6284251 -0.6617 0.7002261 0.2680351 -0.6616952 0.6070579 0 -0.7946577 0.3312816 0 -0.9435319 -0.03853362 -0.7487758 -0.6617023 0.1875908 -0.5773381 -0.7946637 0.4713022 -0.5831167 -0.6617017 0.1023815 -0.3150893 -0.9435236 0.7002267 -0.2680345 -0.661695 -0.2680355 -0.194733 -0.9435232 -0.2680353 0.1947328 -0.9435233 0.1023817 0.3150897 -0.9435234 0.9049809 -0.2680631 -0.3303813 0.02474486 -0.9435218 -0.3303851 -0.8896974 -0.3150951 -0.3303842 -0.5745908 0.7487923 -0.3303869 0.5345737 0.7778639 -0.3303917 0.8026194 -0.5831102 -0.1256377 -0.3065686 -0.9435213 -0.1256313 -0.9920777 0 -0.1256263 -0.3065687 0.9435214 -0.1256306 0.8026194 0.5831102 -0.1256377 0.4089432 -0.6284287 0.6616969 -0.4712986 -0.583126 0.6616962 -0.700228 0.2680217 0.6616986 0.03853058 0.7487773 0.6617008 0.7240365 0.1947357 0.6617018 0.2680347 0.1947365 0.9435228 0.4911188 0.3568168 0.7946598 0.4089431 0.6284289 0.6616969 -0.1023802 0.31509 0.9435235 -0.1875948 0.5773457 0.7946574 -0.4712987 0.5831261 0.6616958 -0.6070643 0 0.7946527 -0.7002279 -0.2680216 0.6616989 -0.1023785 -0.3150895 0.9435239 -0.1875936 -0.577346 0.7946574 0.03853058 -0.7487778 0.6617003 0.2680348 -0.1947365 0.9435227 0.4911189 -0.3568167 0.7946598 0.7240363 -0.1947357 0.6617019 0.8897031 0.315087 0.3303765 0.7946563 0.5773485 0.1875901 0.5745961 0.748787 0.3303897 -0.02474695 0.9435209 0.3303878 -0.303528 0.9341725 0.1875969 -0.5345767 0.7778618 0.330392 -0.9049901 0.2680216 0.33039 -0.9822448 0 0.1876043 -0.9049898 -0.2680215 0.3303905 -0.5345768 -0.777862 0.3303914 -0.3035278 -0.9341723 0.1875982 -0.02474695 -0.9435209 0.3303878 0.5745962 -0.7487871 0.3303894 0.7946563 -0.5773485 0.1875903 0.8897032 -0.315087 0.3303761 0.3065665 0.9435223 0.1256291 0.3035308 0.9341713 -0.1875987 0.02474641 0.9435221 -0.3303843 -0.8026048 0.5831317 0.1256306 -0.7946589 0.5773429 -0.1875966 -0.8896974 0.3150951 -0.3303844 -0.8026048 -0.5831317 0.1256306 -0.7946589 -0.5773429 -0.1875966 -0.5745964 -0.7487871 -0.3303894 0.3065667 -0.9435222 0.1256299 0.3035311 -0.934171 -0.1875995 0.5345746 -0.777864 -0.3303905 0.9920792 0 0.1256144 0.9822464 0 -0.1875953 0.904981 0.2680631 -0.330381 0.4713063 0.5831227 -0.6616935 0.1875923 0.5773462 -0.7946575 -0.03852975 0.7487787 -0.6616994 -0.4089472 0.6284244 -0.6616987 -0.4911169 0.3568171 -0.7946608 -0.7240428 0.1947335 -0.6616955 -0.7240424 -0.1947335 -0.661696 -0.4911174 -0.356817 -0.7946606 -0.4089472 -0.6284245 -0.6616985 0.7002269 0.2680345 -0.6616947 0.6070627 0 -0.794654 -0.03853088 -0.7487792 -0.6616986 0.1875923 -0.5773459 -0.7946578 0.4713062 -0.5831226 -0.6616938 0.1023722 -0.3150948 -0.9435228 0.7002313 -0.268009 -0.6617004 -0.2680206 -0.1947382 -0.9435264 -0.2680323 0.1947379 -0.9435232 0.1023845 0.3150954 -0.9435213 0.9049882 -0.2680216 -0.3303951 -0.8896969 -0.3150939 -0.3303867 -0.5746054 0.748781 -0.3303871 0.5345753 0.7778658 -0.3303849 0.8026054 -0.5831321 -0.1256254 -0.3065715 -0.9435206 -0.1256305 -0.9920765 0 -0.1256351 -0.3065771 0.9435191 -0.1256273 0.8026052 0.583132 -0.1256269 0.4089382 -0.6284251 0.6617036 -0.4712925 -0.5831213 0.6617045 -0.700218 0.2680254 0.6617078 0.03852152 0.7487784 0.6617002 0.7240404 0.1947392 0.6616965 0.2680212 0.1947386 0.9435261 0.4911228 0.3568147 0.7946583 0.4089451 0.6284245 0.6616999 -0.1023845 0.3150954 0.9435213 -0.1876 0.5773459 0.794656 -0.4712873 0.5831224 0.6617074 -0.3312809 0 0.9435322 -0.6070724 0 0.7946465 -0.7002173 -0.2680251 0.6617087 -0.1023841 -0.315094 0.9435217 -0.1876001 -0.5773462 0.7946557 0.03852152 -0.7487787 0.6616998 0.2680323 -0.1947379 0.9435232 0.4911202 -0.3568158 0.7946594 0.7240404 -0.1947392 0.6616965 0.8896957 0.3150947 0.3303892 0.7946437 0.5773654 0.1875917 0.5746054 0.748781 0.3303871 -0.02474796 0.9435207 0.3303879 -0.3035292 0.9341725 0.1875956 -0.5345777 0.7778621 0.3303897 -0.9049923 0.2680186 0.3303862 -0.9049919 -0.2680185 0.3303875 -0.5345777 -0.7778621 0.3303897 -0.3035303 -0.9341722 0.1875942 -0.02474796 -0.9435218 0.3303852 0.5746057 -0.7487814 0.3303858 0.7946477 -0.5773609 0.1875889 0.8896978 -0.3150911 0.330387 0.306575 0.9435194 0.1256304 0.3035286 0.9341722 -0.1875975 0.02474969 0.9435197 -0.3303907 -0.8026038 0.5831343 0.1256247 -0.7946503 0.5773562 -0.187592 -0.889695 0.3150975 -0.3303882 -0.8026039 -0.5831344 0.1256232 -0.7946524 -0.577354 -0.1875904 -0.5746037 -0.7487827 -0.3303864 0.3065777 -0.9435183 0.1256318 0.3035291 -0.9341722 -0.1875963 0.5345754 -0.7778651 -0.3303861 0.9920763 0 0.1256366 0.9822451 0 -0.1876023 0.9049888 0.2680218 -0.330393 0.4712844 0.583131 -0.6617017 0.1876001 0.5773462 -0.7946557 -0.03852438 0.7487809 -0.6616971 -0.4089459 0.6284226 -0.6617012 -0.4911202 0.3568158 -0.7946594 -0.7240391 0.194748 -0.6616953 -0.7240391 -0.194748 -0.6616953 -0.491123 -0.3568146 -0.7946581 -0.408945 -0.6284213 -0.6617029 0.7002289 0.2680104 -0.6617024 0.6070595 0 -0.7946565 -0.03852438 -0.7487809 -0.6616971 0.1875999 -0.5773456 -0.7946562 0.4712844 -0.583131 -0.6617017 0.7002325 -0.2680352 -0.6616885 -0.2680321 -0.1947407 -0.9435226 -0.2680325 0.194741 -0.9435224 0.1023722 0.3150948 -0.9435228 0.9049841 -0.2680447 -0.3303875 0.02474361 -0.9435197 -0.3303915 -0.8897074 -0.3150689 -0.3303822 -0.5746068 0.7487828 -0.3303807 0.5345785 0.7778621 -0.3303884 0.8026137 -0.5831199 -0.1256282 -0.3065716 -0.9435211 -0.125626 -0.9920772 0 -0.1256297 -0.3065605 0.9435244 -0.1256279 0.802614 0.5831201 -0.1256267 0.4089449 -0.6284214 0.6617028 -0.4713122 -0.5831155 0.6616957 0.03852146 0.7487719 0.6617075 0.7240399 0.1947269 0.6617006 0.2680332 0.1947293 0.9435247 0.491119 0.3568161 0.7946599 0.4089444 0.6284233 0.6617014 -0.1023966 0.3150891 0.9435221 -0.1876102 0.5773405 0.7946575 -0.471293 0.5831219 0.6617037 -0.3313134 0 0.9435208 -0.6070595 0 0.7946565 -0.7002153 -0.2680366 0.6617061 -0.1023843 -0.3150885 0.9435236 -0.1876004 -0.5773422 0.7946586 0.03852134 -0.7487751 0.6617038 0.2680554 -0.1947278 0.9435186 0.4911129 -0.356818 0.7946629 0.7240407 -0.1947271 0.6616998 0.8897005 0.3150905 0.3303804 0.7946533 0.5773519 0.1875931 0.574611 0.7487785 0.3303834 -0.02475845 0.9435212 0.3303859 -0.3035274 0.9341727 0.1875964 -0.5345828 0.777861 0.3303838 -0.9049867 0.2680404 0.330384 -0.9822456 0 0.1875999 -0.9049867 -0.2680404 0.330384 -0.5345826 -0.7778607 0.3303852 -0.3035287 -0.9341728 0.1875945 -0.02475237 -0.9435209 0.3303873 0.574611 -0.7487785 0.3303834 0.7946535 -0.5773521 0.1875908 0.8896946 -0.3150972 0.3303896 0.3065719 0.9435214 0.1256236 0.3035257 0.9341737 -0.1875945 -0.8026052 0.5831314 0.1256291 -0.7946524 0.5773541 -0.1875901 -0.8897055 0.3150726 -0.3303838 -0.8026054 -0.5831316 0.1256276 -0.7946529 -0.5773544 -0.1875867 -0.5746057 -0.7487812 -0.3303861 0.3065649 -0.9435233 0.1256254 0.3035328 -0.9341716 -0.1875935 0.5345785 -0.7778603 -0.3303925 0.9920778 0 0.1256258 0.982246 0 -0.187598 0.9049878 0.2680361 -0.3303844 0.4713301 0.5831106 -0.6616874 0.1875799 0.5773472 -0.7946597 -0.03854244 0.7487745 -0.6617032 -0.4089289 0.6284351 -0.6616996 -0.491096 0.3568257 -0.7946699 -0.7240527 0.1947329 -0.6616848 -0.7240409 -0.1947363 -0.6616969 -0.4911174 -0.3568212 -0.7946587 -0.4089289 -0.6284351 -0.6616996 0.7002208 0.26804 -0.6616989 0.6070472 0 -0.7946658 0.3313247 0 -0.9435169 -0.03854864 -0.7487766 -0.6617006 0.1875892 -0.5773444 -0.7946596 0.471311 -0.5831173 -0.661695 0.1023784 -0.3150938 -0.9435225 0.7002256 -0.2680236 -0.6617005 -0.2680324 -0.1947405 -0.9435226 -0.2680318 0.1947401 -0.9435228 0.1023786 0.3150942 -0.9435223 0.9049906 -0.2680248 -0.3303858 0.02474957 -0.9435206 -0.3303881 -0.8896987 -0.3150945 -0.3303813 -0.5746024 0.7487831 -0.3303877 0.5345723 0.7778674 -0.3303859 -0.3065652 0.9435228 -0.1256292 0.802611 0.5831241 -0.1256263 0.4089397 -0.628431 0.661697 -0.4713006 -0.5831223 0.6616981 -0.7002243 0.268033 0.6616981 0.0385273 0.7487815 0.6616964 0.7240448 0.194734 0.6616932 0.2680217 0.1947345 0.9435269 0.4911257 0.3568176 0.7946551 0.408941 0.6284303 0.6616967 -0.1023787 0.3150855 0.9435252 -0.1875892 0.5773493 0.7946561 -0.4713003 0.583122 0.6616985 -0.3312917 0 0.9435284 -0.1023727 -0.315086 0.9435257 -0.1875892 -0.5773496 0.7946558 0.03852742 -0.748781 0.6616969 0.268022 -0.1947346 0.9435268 0.4911211 -0.356819 0.7946573 0.7240449 -0.194731 0.661694 0.8896999 0.3150904 0.3303818 0.7946535 0.5773521 0.1875908 0.5746059 0.7487828 0.3303824 -0.02474945 0.9435217 0.3303849 -0.3035283 0.9341722 0.1875978 -0.9049872 0.268043 0.3303805 -0.9822456 0 0.1875995 -0.9049873 -0.268043 0.3303802 -0.5345824 -0.7778589 0.3303897 -0.3035293 -0.9341717 0.1875984 -0.02474945 -0.9435213 0.3303863 0.5746015 -0.748785 0.3303849 0.8897027 -0.3150871 0.3303775 0.3065697 0.9435213 0.125629 0.3035323 0.9341706 -0.1875995 0.02474653 0.9435216 -0.3303855 -0.8026089 0.5831269 0.1256261 -0.7946578 0.5773463 -0.1875906 -0.8896989 0.3150945 -0.3303807 -0.802611 -0.5831241 0.1256266 -0.7946577 -0.5773463 -0.1875916 -0.5746027 -0.7487835 -0.3303864 0.3065696 -0.9435212 0.1256297 0.3035326 -0.9341706 -0.1875989 0.5345727 -0.7778673 -0.3303855 0.9920777 0 0.1256262 0.9822456 0 -0.1875999 0.9049893 0.2680305 -0.3303849 0.4713007 0.5831247 -0.6616958 0.1875899 0.5773438 -0.7946599 -0.03852844 0.7487757 -0.6617028 -0.4089382 0.628427 -0.6617017 -0.4911196 0.3568205 -0.7946578 -0.72404 0.1947292 -0.6616999 -0.7240403 -0.1947293 -0.6616995 -0.491119 -0.3568208 -0.7946579 -0.4089376 -0.6284261 -0.661703 0.7002249 0.2680234 -0.6617013 0.6070672 0 -0.7946505 -0.03852921 -0.7487764 -0.6617019 0.1875898 -0.5773435 -0.7946601 0.4713001 -0.5831241 -0.6616967 0.1023719 -0.315088 -0.9435251 0.7002182 -0.2680376 -0.6617026 -0.2680331 -0.1947262 -0.9435253 -0.268033 0.1947261 -0.9435254 0.102372 0.3150882 -0.943525 0.9049845 -0.2680584 -0.3303754 0.02474278 -0.9435256 -0.3303747 -0.8896971 -0.3151018 -0.3303788 -0.5746105 0.7487803 -0.3303799 0.5345808 0.7778639 -0.3303805 0.8026248 -0.5831042 -0.1256307 -0.3065679 -0.9435217 -0.1256306 -0.992078 0 -0.1256239 -0.3065789 0.9435183 -0.1256285 0.8026161 0.5831156 -0.1256331 0.408935 -0.6284347 0.6616964 -0.4713064 -0.5831267 0.6616899 -0.7002316 0.2680152 0.6616976 0.03854626 0.7487746 0.6617031 0.7240459 0.1947463 0.6616883 0.2680342 0.1947484 0.9435205 0.4911045 0.3568316 0.7946621 0.4089419 0.6284318 0.6616948 -0.1023842 0.3151034 0.9435187 -0.1875892 0.5773495 0.7946559 -0.4713143 0.5831275 0.6616836 -0.3313028 0 0.9435245 -0.6070598 0 0.7946562 -0.7002323 -0.2680094 0.6616991 -0.1023841 -0.3151032 0.9435186 0.03855842 -0.7487741 0.6617029 0.2680343 -0.1947484 0.9435204 0.4910988 -0.3568329 0.7946649 0.7240462 -0.1947464 0.6616879 0.8897014 0.3150833 0.3303846 0.7946462 0.5773589 0.1876012 0.574604 0.7487807 0.3303902 -0.02476543 0.9435187 0.3303925 -0.3035203 0.9341739 0.1876022 -0.534559 0.7778704 0.3304001 -0.9049908 0.2680187 0.3303904 -0.9822433 0 0.1876116 -0.9049907 -0.2680187 0.3303906 -0.5345676 -0.7778652 0.3303986 -0.303522 -0.9341734 0.1876024 -0.02476239 -0.943519 0.3303918 0.5746038 -0.7487804 0.3303915 0.7946462 -0.5773589 0.1876015 0.8897013 -0.3150833 0.3303849 0.306575 0.9435192 0.1256327 0.303547 0.934166 -0.1875986 0.02474278 0.9435253 -0.3303753 -0.8026148 0.583118 0.1256306 -0.7946633 0.5773396 -0.1875882 -0.8896971 0.3151018 -0.3303785 -0.8026104 -0.5831236 0.1256319 -0.7946671 -0.5773349 -0.1875869 -0.5745919 -0.7487917 -0.3303865 0.3065804 -0.9435172 0.125634 0.3035371 -0.934169 -0.1875995 0.5345773 -0.7778657 -0.3303821 0.9920777 0 0.1256269 0.982248 0 -0.1875874 0.9049846 0.2680584 -0.3303751 0.4712999 0.5831291 -0.6616925 0.187581 0.577335 -0.7946685 -0.03852164 0.74878 -0.6616984 -0.4089241 0.6284325 -0.6617052 -0.4911179 0.3568114 -0.7946627 -0.7240365 0.1947351 -0.661702 -0.7240368 -0.1947352 -0.6617016 -0.4911127 -0.3568125 -0.7946654 -0.4089445 -0.6284266 -0.6616982 0.7002182 0.2680376 -0.6617026 0.6070469 0 -0.7946662 0.3313245 0 -0.9435169 -0.03851252 -0.7487802 -0.6616986 0.1875907 -0.5773337 -0.794667 0.4712997 -0.5831288 -0.6616929</float_array>
          <technique_common>
            <accessor source="#Icosphere-mesh-normals-array" count="1020" stride="3">
              <param name="X" type="float"/>
              <param name="Y" type="float"/>
              <param name="Z" type="float"/>
            </accessor>
          </technique_common>
        </source>
        <source id="Icosphere-mesh-map-0">
          <float_array id="Icosphere-mesh-map-0-array" count="6240">0.181819 0 0.2272735 0.07873046 0.1363645 0.07873046 0.272728 0.157461 0.3181825 0.07873046 0.363637 0.157461 0.909091 0 0.9545455 0.07873046 0.8636365 0.07873046 0.727273 0 0.7727275 0.07873046 0.6818185 0.07873046 0.545455 0 0.5909095 0.07873046 0.5000005 0.07873046 0.272728 0.157461 0.363637 0.157461 0.3181825 0.236191 0.09090995 0.157461 0.181819 0.157461 0.1363645 0.236191 0.818182 0.157461 0.909091 0.157461 0.8636365 0.236191 0.636364 0.157461 0.727273 0.157461 0.6818185 0.236191 0.454546 0.157461 0.545455 0.157461 0.5000005 0.236191 0.272728 0.157461 0.3181825 0.236191 0.2272735 0.236191 0.09090995 0.157461 0.1363645 0.236191 0.04545497 0.236191 0.818182 0.157461 0.8636365 0.236191 0.7727275 0.236191 0.636364 0.157461 0.6818185 0.236191 0.5909095 0.236191 0.454546 0.157461 0.5000005 0.236191 0.4090915 0.236191 0.181819 0.314921 0.272728 0.314921 0.2272735 0.3936515 0 0.314921 0.09090948 0.314921 0.04545497 0.3936515 0.727273 0.314921 0.818182 0.314921 0.7727275 0.3936515 0.545455 0.314921 0.636364 0.314921 0.5909095 0.3936515 0.363637 0.314921 0.454546 0.314921 0.4090915 0.3936515 0.4090915 0.3936515 0.5000005 0.3936515 0.454546 0.472382 0.4090915 0.3936515 0.454546 0.314921 0.5000005 0.3936515 0.454546 0.314921 0.545455 0.314921 0.5000005 0.3936515 0.5909095 0.3936515 0.6818185 0.3936515 0.636364 0.472382 0.5909095 0.3936515 0.636364 0.314921 0.6818185 0.3936515 0.636364 0.314921 0.727273 0.314921 0.6818185 0.3936515 0.7727275 0.3936515 0.8636365 0.3936515 0.818182 0.472382 0.7727275 0.3936515 0.818182 0.314921 0.8636365 0.3936515 0.818182 0.314921 0.909091 0.314921 0.8636365 0.3936515 0.04545497 0.3936515 0.1363645 0.3936515 0.09090995 0.472382 0.04545497 0.3936515 0.09090948 0.314921 0.1363645 0.3936515 0.09090948 0.314921 0.181819 0.314921 0.1363645 0.3936515 0.2272735 0.3936515 0.3181825 0.3936515 0.272728 0.472382 0.2272735 0.3936515 0.272728 0.314921 0.3181825 0.3936515 0.272728 0.314921 0.363637 0.314921 0.3181825 0.3936515 0.4090915 0.236191 0.454546 0.314921 0.363637 0.314921 0.4090915 0.236191 0.5000005 0.236191 0.454546 0.314921 0.5000005 0.236191 0.545455 0.314921 0.454546 0.314921 0.5909095 0.236191 0.636364 0.314921 0.545455 0.314921 0.5909095 0.236191 0.6818185 0.236191 0.636364 0.314921 0.6818185 0.236191 0.727273 0.314921 0.636364 0.314921 0.7727275 0.236191 0.818182 0.314921 0.727273 0.314921 0.7727275 0.236191 0.8636365 0.236191 0.818182 0.314921 0.8636365 0.236191 0.909091 0.314921 0.818182 0.314921 0.04545497 0.236191 0.09090948 0.314921 0 0.314921 0.04545497 0.236191 0.1363645 0.236191 0.09090948 0.314921 0.1363645 0.236191 0.181819 0.314921 0.09090948 0.314921 0.2272735 0.236191 0.272728 0.314921 0.181819 0.314921 0.2272735 0.236191 0.3181825 0.236191 0.272728 0.314921 0.3181825 0.236191 0.363637 0.314921 0.272728 0.314921 0.5000005 0.236191 0.5909095 0.236191 0.545455 0.314921 0.5000005 0.236191 0.545455 0.157461 0.5909095 0.236191 0.545455 0.157461 0.636364 0.157461 0.5909095 0.236191 0.6818185 0.236191 0.7727275 0.236191 0.727273 0.314921 0.6818185 0.236191 0.727273 0.157461 0.7727275 0.236191 0.727273 0.157461 0.818182 0.157461 0.7727275 0.236191 0.8636365 0.236191 0.9545455 0.236191 0.909091 0.314921 0.8636365 0.236191 0.909091 0.157461 0.9545455 0.236191 0.909091 0.157461 1 0.157461 0.9545455 0.236191 0.1363645 0.236191 0.2272735 0.236191 0.181819 0.314921 0.1363645 0.236191 0.181819 0.157461 0.2272735 0.236191 0.181819 0.157461 0.272728 0.157461 0.2272735 0.236191 0.3181825 0.236191 0.4090915 0.236191 0.363637 0.314921 0.3181825 0.236191 0.363637 0.157461 0.4090915 0.236191 0.363637 0.157461 0.454546 0.157461 0.4090915 0.236191 0.5000005 0.07873046 0.545455 0.157461 0.454546 0.157461 0.5000005 0.07873046 0.5909095 0.07873046 0.545455 0.157461 0.5909095 0.07873046 0.636364 0.157461 0.545455 0.157461 0.6818185 0.07873046 0.727273 0.157461 0.636364 0.157461 0.6818185 0.07873046 0.7727275 0.07873046 0.727273 0.157461 0.7727275 0.07873046 0.818182 0.157461 0.727273 0.157461 0.8636365 0.07873046 0.909091 0.157461 0.818182 0.157461 0.8636365 0.07873046 0.9545455 0.07873046 0.909091 0.157461 0.9545455 0.07873046 1 0.157461 0.909091 0.157461 0.363637 0.157461 0.4090915 0.07873046 0.454546 0.157461 0.363637 0.157461 0.3181825 0.07873046 0.4090915 0.07873046 0.3181825 0.07873046 0.363637 0 0.4090915 0.07873046 0.1363645 0.07873046 0.181819 0.157461 0.09090995 0.157461 0.1363645 0.07873046 0.2272735 0.07873046 0.181819 0.157461 0.2272735 0.07873046 0.272728 0.157461 0.181819 0.157461 0.181819 0 0.2272735 0.07873046 0.1363645 0.07873046 0.272728 0.157461 0.3181825 0.07873046 0.363637 0.157461 0.909091 0 0.9545455 0.07873046 0.8636365 0.07873046 0.727273 0 0.7727275 0.07873046 0.6818185 0.07873046 0.545455 0 0.5909095 0.07873046 0.5000005 0.07873046 0.272728 0.157461 0.363637 0.157461 0.3181825 0.236191 0.09090995 0.157461 0.181819 0.157461 0.1363645 0.236191 0.818182 0.157461 0.909091 0.157461 0.8636365 0.236191 0.636364 0.157461 0.727273 0.157461 0.6818185 0.236191 0.454546 0.157461 0.545455 0.157461 0.5000005 0.236191 0.272728 0.157461 0.3181825 0.236191 0.2272735 0.236191 0.09090995 0.157461 0.1363645 0.236191 0.04545497 0.236191 0.818182 0.157461 0.8636365 0.236191 0.7727275 0.236191 0.636364 0.157461 0.6818185 0.236191 0.5909095 0.236191 0.454546 0.157461 0.5000005 0.236191 0.4090915 0.236191 0.181819 0.314921 0.272728 0.314921 0.2272735 0.3936515 0 0.314921 0.09090948 0.314921 0.04545497 0.3936515 0.727273 0.314921 0.818182 0.314921 0.7727275 0.3936515 0.545455 0.314921 0.636364 0.314921 0.5909095 0.3936515 0.363637 0.314921 0.454546 0.314921 0.4090915 0.3936515 0.4090915 0.3936515 0.5000005 0.3936515 0.454546 0.472382 0.4090915 0.3936515 0.454546 0.314921 0.5000005 0.3936515 0.454546 0.314921 0.545455 0.314921 0.5000005 0.3936515 0.5909095 0.3936515 0.6818185 0.3936515 0.636364 0.472382 0.5909095 0.3936515 0.636364 0.314921 0.6818185 0.3936515 0.636364 0.314921 0.727273 0.314921 0.6818185 0.3936515 0.7727275 0.3936515 0.8636365 0.3936515 0.818182 0.472382 0.7727275 0.3936515 0.818182 0.314921 0.8636365 0.3936515 0.818182 0.314921 0.909091 0.314921 0.8636365 0.3936515 0.04545497 0.3936515 0.1363645 0.3936515 0.09090995 0.472382 0.04545497 0.3936515 0.09090948 0.314921 0.1363645 0.3936515 0.09090948 0.314921 0.181819 0.314921 0.1363645 0.3936515 0.2272735 0.3936515 0.3181825 0.3936515 0.272728 0.472382 0.2272735 0.3936515 0.272728 0.314921 0.3181825 0.3936515 0.272728 0.314921 0.363637 0.314921 0.3181825 0.3936515 0.4090915 0.236191 0.454546 0.314921 0.363637 0.314921 0.4090915 0.236191 0.5000005 0.236191 0.454546 0.314921 0.5000005 0.236191 0.545455 0.314921 0.454546 0.314921 0.5909095 0.236191 0.636364 0.314921 0.545455 0.314921 0.5909095 0.236191 0.6818185 0.236191 0.636364 0.314921 0.6818185 0.236191 0.727273 0.314921 0.636364 0.314921 0.7727275 0.236191 0.818182 0.314921 0.727273 0.314921 0.7727275 0.236191 0.8636365 0.236191 0.818182 0.314921 0.8636365 0.236191 0.909091 0.314921 0.818182 0.314921 0.04545497 0.236191 0.09090948 0.314921 0 0.314921 0.04545497 0.236191 0.1363645 0.236191 0.09090948 0.314921 0.1363645 0.236191 0.181819 0.314921 0.09090948 0.314921 0.2272735 0.236191 0.272728 0.314921 0.181819 0.314921 0.2272735 0.236191 0.3181825 0.236191 0.272728 0.314921 0.3181825 0.236191 0.363637 0.314921 0.272728 0.314921 0.5000005 0.236191 0.5909095 0.236191 0.545455 0.314921 0.5000005 0.236191 0.545455 0.157461 0.5909095 0.236191 0.545455 0.157461 0.636364 0.157461 0.5909095 0.236191 0.6818185 0.236191 0.7727275 0.236191 0.727273 0.314921 0.6818185 0.236191 0.727273 0.157461 0.7727275 0.236191 0.727273 0.157461 0.818182 0.157461 0.7727275 0.236191 0.8636365 0.236191 0.9545455 0.236191 0.909091 0.314921 0.8636365 0.236191 0.909091 0.157461 0.9545455 0.236191 0.909091 0.157461 1 0.157461 0.9545455 0.236191 0.1363645 0.236191 0.2272735 0.236191 0.181819 0.314921 0.1363645 0.236191 0.181819 0.157461 0.2272735 0.236191 0.181819 0.157461 0.272728 0.157461 0.2272735 0.236191 0.3181825 0.236191 0.4090915 0.236191 0.363637 0.314921 0.3181825 0.236191 0.363637 0.157461 0.4090915 0.236191 0.363637 0.157461 0.454546 0.157461 0.4090915 0.236191 0.5000005 0.07873046 0.545455 0.157461 0.454546 0.157461 0.5000005 0.07873046 0.5909095 0.07873046 0.545455 0.157461 0.5909095 0.07873046 0.636364 0.157461 0.545455 0.157461 0.6818185 0.07873046 0.727273 0.157461 0.636364 0.157461 0.6818185 0.07873046 0.7727275 0.07873046 0.727273 0.157461 0.7727275 0.07873046 0.818182 0.157461 0.727273 0.157461 0.8636365 0.07873046 0.909091 0.157461 0.818182 0.157461 0.8636365 0.07873046 0.9545455 0.07873046 0.909091 0.157461 0.9545455 0.07873046 1 0.157461 0.909091 0.157461 0.363637 0.157461 0.4090915 0.07873046 0.454546 0.157461 0.363637 0.157461 0.3181825 0.07873046 0.4090915 0.07873046 0.3181825 0.07873046 0.363637 0 0.4090915 0.07873046 0.1363645 0.07873046 0.181819 0.157461 0.09090995 0.157461 0.1363645 0.07873046 0.2272735 0.07873046 0.181819 0.157461 0.2272735 0.07873046 0.272728 0.157461 0.181819 0.157461 0.181819 0 0.2272735 0.07873046 0.1363645 0.07873046 0.272728 0.157461 0.3181825 0.07873046 0.363637 0.157461 0.909091 0 0.9545455 0.07873046 0.8636365 0.07873046 0.727273 0 0.7727275 0.07873046 0.6818185 0.07873046 0.545455 0 0.5909095 0.07873046 0.5000005 0.07873046 0.272728 0.157461 0.363637 0.157461 0.3181825 0.236191 0.09090995 0.157461 0.181819 0.157461 0.1363645 0.236191 0.818182 0.157461 0.909091 0.157461 0.8636365 0.236191 0.636364 0.157461 0.727273 0.157461 0.6818185 0.236191 0.454546 0.157461 0.545455 0.157461 0.5000005 0.236191 0.272728 0.157461 0.3181825 0.236191 0.2272735 0.236191 0.09090995 0.157461 0.1363645 0.236191 0.04545497 0.236191 0.818182 0.157461 0.8636365 0.236191 0.7727275 0.236191 0.636364 0.157461 0.6818185 0.236191 0.5909095 0.236191 0.454546 0.157461 0.5000005 0.236191 0.4090915 0.236191 0.181819 0.314921 0.272728 0.314921 0.2272735 0.3936515 0 0.314921 0.09090948 0.314921 0.04545497 0.3936515 0.727273 0.314921 0.818182 0.314921 0.7727275 0.3936515 0.545455 0.314921 0.636364 0.314921 0.5909095 0.3936515 0.363637 0.314921 0.454546 0.314921 0.4090915 0.3936515 0.4090915 0.3936515 0.5000005 0.3936515 0.454546 0.472382 0.4090915 0.3936515 0.454546 0.314921 0.5000005 0.3936515 0.454546 0.314921 0.545455 0.314921 0.5000005 0.3936515 0.5909095 0.3936515 0.6818185 0.3936515 0.636364 0.472382 0.5909095 0.3936515 0.636364 0.314921 0.6818185 0.3936515 0.636364 0.314921 0.727273 0.314921 0.6818185 0.3936515 0.7727275 0.3936515 0.8636365 0.3936515 0.818182 0.472382 0.7727275 0.3936515 0.818182 0.314921 0.8636365 0.3936515 0.818182 0.314921 0.909091 0.314921 0.8636365 0.3936515 0.04545497 0.3936515 0.1363645 0.3936515 0.09090995 0.472382 0.04545497 0.3936515 0.09090948 0.314921 0.1363645 0.3936515 0.09090948 0.314921 0.181819 0.314921 0.1363645 0.3936515 0.2272735 0.3936515 0.3181825 0.3936515 0.272728 0.472382 0.2272735 0.3936515 0.272728 0.314921 0.3181825 0.3936515 0.272728 0.314921 0.363637 0.314921 0.3181825 0.3936515 0.4090915 0.236191 0.454546 0.314921 0.363637 0.314921 0.4090915 0.236191 0.5000005 0.236191 0.454546 0.314921 0.5000005 0.236191 0.545455 0.314921 0.454546 0.314921 0.5909095 0.236191 0.636364 0.314921 0.545455 0.314921 0.5909095 0.236191 0.6818185 0.236191 0.636364 0.314921 0.6818185 0.236191 0.727273 0.314921 0.636364 0.314921 0.7727275 0.236191 0.818182 0.314921 0.727273 0.314921 0.7727275 0.236191 0.8636365 0.236191 0.818182 0.314921 0.8636365 0.236191 0.909091 0.314921 0.818182 0.314921 0.04545497 0.236191 0.09090948 0.314921 0 0.314921 0.04545497 0.236191 0.1363645 0.236191 0.09090948 0.314921 0.1363645 0.236191 0.181819 0.314921 0.09090948 0.314921 0.2272735 0.236191 0.272728 0.314921 0.181819 0.314921 0.2272735 0.236191 0.3181825 0.236191 0.272728 0.314921 0.3181825 0.236191 0.363637 0.314921 0.272728 0.314921 0.5000005 0.236191 0.5909095 0.236191 0.545455 0.314921 0.5000005 0.236191 0.545455 0.157461 0.5909095 0.236191 0.545455 0.157461 0.636364 0.157461 0.5909095 0.236191 0.6818185 0.236191 0.7727275 0.236191 0.727273 0.314921 0.6818185 0.236191 0.727273 0.157461 0.7727275 0.236191 0.727273 0.157461 0.818182 0.157461 0.7727275 0.236191 0.8636365 0.236191 0.9545455 0.236191 0.909091 0.314921 0.8636365 0.236191 0.909091 0.157461 0.9545455 0.236191 0.909091 0.157461 1 0.157461 0.9545455 0.236191 0.1363645 0.236191 0.2272735 0.236191 0.181819 0.314921 0.1363645 0.236191 0.181819 0.157461 0.2272735 0.236191 0.181819 0.157461 0.272728 0.157461 0.2272735 0.236191 0.3181825 0.236191 0.4090915 0.236191 0.363637 0.314921 0.3181825 0.236191 0.363637 0.157461 0.4090915 0.236191 0.363637 0.157461 0.454546 0.157461 0.4090915 0.236191 0.5000005 0.07873046 0.545455 0.157461 0.454546 0.157461 0.5000005 0.07873046 0.5909095 0.07873046 0.545455 0.157461 0.5909095 0.07873046 0.636364 0.157461 0.545455 0.157461 0.6818185 0.07873046 0.727273 0.157461 0.636364 0.157461 0.6818185 0.07873046 0.7727275 0.07873046 0.727273 0.157461 0.7727275 0.07873046 0.818182 0.157461 0.727273 0.157461 0.8636365 0.07873046 0.909091 0.157461 0.818182 0.157461 0.8636365 0.07873046 0.9545455 0.07873046 0.909091 0.157461 0.9545455 0.07873046 1 0.157461 0.909091 0.157461 0.363637 0.157461 0.4090915 0.07873046 0.454546 0.157461 0.363637 0.157461 0.3181825 0.07873046 0.4090915 0.07873046 0.3181825 0.07873046 0.363637 0 0.4090915 0.07873046 0.1363645 0.07873046 0.181819 0.157461 0.09090995 0.157461 0.1363645 0.07873046 0.2272735 0.07873046 0.181819 0.157461 0.2272735 0.07873046 0.272728 0.157461 0.181819 0.157461 0.181819 0 0.2272735 0.07873046 0.1363645 0.07873046 0.272728 0.157461 0.3181825 0.07873046 0.363637 0.157461 0.909091 0 0.9545455 0.07873046 0.8636365 0.07873046 0.727273 0 0.7727275 0.07873046 0.6818185 0.07873046 0.545455 0 0.5909095 0.07873046 0.5000005 0.07873046 0.272728 0.157461 0.363637 0.157461 0.3181825 0.236191 0.09090995 0.157461 0.181819 0.157461 0.1363645 0.236191 0.818182 0.157461 0.909091 0.157461 0.8636365 0.236191 0.636364 0.157461 0.727273 0.157461 0.6818185 0.236191 0.454546 0.157461 0.545455 0.157461 0.5000005 0.236191 0.272728 0.157461 0.3181825 0.236191 0.2272735 0.236191 0.09090995 0.157461 0.1363645 0.236191 0.04545497 0.236191 0.818182 0.157461 0.8636365 0.236191 0.7727275 0.236191 0.636364 0.157461 0.6818185 0.236191 0.5909095 0.236191 0.454546 0.157461 0.5000005 0.236191 0.4090915 0.236191 0.181819 0.314921 0.272728 0.314921 0.2272735 0.3936515 0 0.314921 0.09090948 0.314921 0.04545497 0.3936515 0.727273 0.314921 0.818182 0.314921 0.7727275 0.3936515 0.545455 0.314921 0.636364 0.314921 0.5909095 0.3936515 0.363637 0.314921 0.454546 0.314921 0.4090915 0.3936515 0.4090915 0.3936515 0.5000005 0.3936515 0.454546 0.472382 0.4090915 0.3936515 0.454546 0.314921 0.5000005 0.3936515 0.454546 0.314921 0.545455 0.314921 0.5000005 0.3936515 0.5909095 0.3936515 0.6818185 0.3936515 0.636364 0.472382 0.5909095 0.3936515 0.636364 0.314921 0.6818185 0.3936515 0.636364 0.314921 0.727273 0.314921 0.6818185 0.3936515 0.7727275 0.3936515 0.8636365 0.3936515 0.818182 0.472382 0.7727275 0.3936515 0.818182 0.314921 0.8636365 0.3936515 0.818182 0.314921 0.909091 0.314921 0.8636365 0.3936515 0.04545497 0.3936515 0.1363645 0.3936515 0.09090995 0.472382 0.04545497 0.3936515 0.09090948 0.314921 0.1363645 0.3936515 0.09090948 0.314921 0.181819 0.314921 0.1363645 0.3936515 0.2272735 0.3936515 0.3181825 0.3936515 0.272728 0.472382 0.2272735 0.3936515 0.272728 0.314921 0.3181825 0.3936515 0.272728 0.314921 0.363637 0.314921 0.3181825 0.3936515 0.4090915 0.236191 0.454546 0.314921 0.363637 0.314921 0.4090915 0.236191 0.5000005 0.236191 0.454546 0.314921 0.5000005 0.236191 0.545455 0.314921 0.454546 0.314921 0.5909095 0.236191 0.636364 0.314921 0.545455 0.314921 0.5909095 0.236191 0.6818185 0.236191 0.636364 0.314921 0.6818185 0.236191 0.727273 0.314921 0.636364 0.314921 0.7727275 0.236191 0.818182 0.314921 0.727273 0.314921 0.7727275 0.236191 0.8636365 0.236191 0.818182 0.314921 0.8636365 0.236191 0.909091 0.314921 0.818182 0.314921 0.04545497 0.236191 0.09090948 0.314921 0 0.314921 0.04545497 0.236191 0.1363645 0.236191 0.09090948 0.314921 0.1363645 0.236191 0.181819 0.314921 0.09090948 0.314921 0.2272735 0.236191 0.272728 0.314921 0.181819 0.314921 0.2272735 0.236191 0.3181825 0.236191 0.272728 0.314921 0.3181825 0.236191 0.363637 0.314921 0.272728 0.314921 0.5000005 0.236191 0.5909095 0.236191 0.545455 0.314921 0.5000005 0.236191 0.545455 0.157461 0.5909095 0.236191 0.545455 0.157461 0.636364 0.157461 0.5909095 0.236191 0.6818185 0.236191 0.7727275 0.236191 0.727273 0.314921 0.6818185 0.236191 0.727273 0.157461 0.7727275 0.236191 0.727273 0.157461 0.818182 0.157461 0.7727275 0.236191 0.8636365 0.236191 0.9545455 0.236191 0.909091 0.314921 0.8636365 0.236191 0.909091 0.157461 0.9545455 0.236191 0.909091 0.157461 1 0.157461 0.9545455 0.236191 0.1363645 0.236191 0.2272735 0.236191 0.181819 0.314921 0.1363645 0.236191 0.181819 0.157461 0.2272735 0.236191 0.181819 0.157461 0.272728 0.157461 0.2272735 0.236191 0.3181825 0.236191 0.4090915 0.236191 0.363637 0.314921 0.3181825 0.236191 0.363637 0.157461 0.4090915 0.236191 0.363637 0.157461 0.454546 0.157461 0.4090915 0.236191 0.5000005 0.07873046 0.545455 0.157461 0.454546 0.157461 0.5000005 0.07873046 0.5909095 0.07873046 0.545455 0.157461 0.5909095 0.07873046 0.636364 0.157461 0.545455 0.157461 0.6818185 0.07873046 0.727273 0.157461 0.636364 0.157461 0.6818185 0.07873046 0.7727275 0.07873046 0.727273 0.157461 0.7727275 0.07873046 0.818182 0.157461 0.727273 0.157461 0.8636365 0.07873046 0.909091 0.157461 0.818182 0.157461 0.8636365 0.07873046 0.9545455 0.07873046 0.909091 0.157461 0.9545455 0.07873046 1 0.157461 0.909091 0.157461 0.363637 0.157461 0.4090915 0.07873046 0.454546 0.157461 0.363637 0.157461 0.3181825 0.07873046 0.4090915 0.07873046 0.3181825 0.07873046 0.363637 0 0.4090915 0.07873046 0.1363645 0.07873046 0.181819 0.157461 0.09090995 0.157461 0.1363645 0.07873046 0.2272735 0.07873046 0.181819 0.157461 0.2272735 0.07873046 0.272728 0.157461 0.181819 0.157461 0.181819 0 0.2272735 0.07873046 0.1363645 0.07873046 0.272728 0.157461 0.3181825 0.07873046 0.363637 0.157461 0.909091 0 0.9545455 0.07873046 0.8636365 0.07873046 0.727273 0 0.7727275 0.07873046 0.6818185 0.07873046 0.545455 0 0.5909095 0.07873046 0.5000005 0.07873046 0.272728 0.157461 0.363637 0.157461 0.3181825 0.236191 0.09090995 0.157461 0.181819 0.157461 0.1363645 0.236191 0.818182 0.157461 0.909091 0.157461 0.8636365 0.236191 0.636364 0.157461 0.727273 0.157461 0.6818185 0.236191 0.454546 0.157461 0.545455 0.157461 0.5000005 0.236191 0.272728 0.157461 0.3181825 0.236191 0.2272735 0.236191 0.09090995 0.157461 0.1363645 0.236191 0.04545497 0.236191 0.818182 0.157461 0.8636365 0.236191 0.7727275 0.236191 0.636364 0.157461 0.6818185 0.236191 0.5909095 0.236191 0.454546 0.157461 0.5000005 0.236191 0.4090915 0.236191 0.181819 0.314921 0.272728 0.314921 0.2272735 0.3936515 0 0.314921 0.09090948 0.314921 0.04545497 0.3936515 0.727273 0.314921 0.818182 0.314921 0.7727275 0.3936515 0.545455 0.314921 0.636364 0.314921 0.5909095 0.3936515 0.363637 0.314921 0.454546 0.314921 0.4090915 0.3936515 0.4090915 0.3936515 0.5000005 0.3936515 0.454546 0.472382 0.4090915 0.3936515 0.454546 0.314921 0.5000005 0.3936515 0.454546 0.314921 0.545455 0.314921 0.5000005 0.3936515 0.5909095 0.3936515 0.6818185 0.3936515 0.636364 0.472382 0.5909095 0.3936515 0.636364 0.314921 0.6818185 0.3936515 0.636364 0.314921 0.727273 0.314921 0.6818185 0.3936515 0.7727275 0.3936515 0.8636365 0.3936515 0.818182 0.472382 0.7727275 0.3936515 0.818182 0.314921 0.8636365 0.3936515 0.818182 0.314921 0.909091 0.314921 0.8636365 0.3936515 0.04545497 0.3936515 0.1363645 0.3936515 0.09090995 0.472382 0.04545497 0.3936515 0.09090948 0.314921 0.1363645 0.3936515 0.09090948 0.314921 0.181819 0.314921 0.1363645 0.3936515 0.2272735 0.3936515 0.3181825 0.3936515 0.272728 0.472382 0.2272735 0.3936515 0.272728 0.314921 0.3181825 0.3936515 0.272728 0.314921 0.363637 0.314921 0.3181825 0.3936515 0.4090915 0.236191 0.454546 0.314921 0.363637 0.314921 0.4090915 0.236191 0.5000005 0.236191 0.454546 0.314921 0.5000005 0.236191 0.545455 0.314921 0.454546 0.314921 0.5909095 0.236191 0.636364 0.314921 0.545455 0.314921 0.5909095 0.236191 0.6818185 0.236191 0.636364 0.314921 0.6818185 0.236191 0.727273 0.314921 0.636364 0.314921 0.7727275 0.236191 0.818182 0.314921 0.727273 0.314921 0.7727275 0.236191 0.8636365 0.236191 0.818182 0.314921 0.8636365 0.236191 0.909091 0.314921 0.818182 0.314921 0.04545497 0.236191 0.09090948 0.314921 0 0.314921 0.04545497 0.236191 0.1363645 0.236191 0.09090948 0.314921 0.1363645 0.236191 0.181819 0.314921 0.09090948 0.314921 0.2272735 0.236191 0.272728 0.314921 0.181819 0.314921 0.2272735 0.236191 0.3181825 0.236191 0.272728 0.314921 0.3181825 0.236191 0.363637 0.314921 0.272728 0.314921 0.5000005 0.236191 0.5909095 0.236191 0.545455 0.314921 0.5000005 0.236191 0.545455 0.157461 0.5909095 0.236191 0.545455 0.157461 0.636364 0.157461 0.5909095 0.236191 0.6818185 0.236191 0.7727275 0.236191 0.727273 0.314921 0.6818185 0.236191 0.727273 0.157461 0.7727275 0.236191 0.727273 0.157461 0.818182 0.157461 0.7727275 0.236191 0.8636365 0.236191 0.9545455 0.236191 0.909091 0.314921 0.8636365 0.236191 0.909091 0.157461 0.9545455 0.236191 0.909091 0.157461 1 0.157461 0.9545455 0.236191 0.1363645 0.236191 0.2272735 0.236191 0.181819 0.314921 0.1363645 0.236191 0.181819 0.157461 0.2272735 0.236191 0.181819 0.157461 0.272728 0.157461 0.2272735 0.236191 0.3181825 0.236191 0.4090915 0.236191 0.363637 0.314921 0.3181825 0.236191 0.363637 0.157461 0.4090915 0.236191 0.363637 0.157461 0.454546 0.157461 0.4090915 0.236191 0.5000005 0.07873046 0.545455 0.157461 0.454546 0.157461 0.5000005 0.07873046 0.5909095 0.07873046 0.545455 0.157461 0.5909095 0.07873046 0.636364 0.157461 0.545455 0.157461 0.6818185 0.07873046 0.727273 0.157461 0.636364 0.157461 0.6818185 0.07873046 0.7727275 0.07873046 0.727273 0.157461 0.7727275 0.07873046 0.818182 0.157461 0.727273 0.157461 0.8636365 0.07873046 0.909091 0.157461 0.818182 0.157461 0.8636365 0.07873046 0.9545455 0.07873046 0.909091 0.157461 0.9545455 0.07873046 1 0.157461 0.909091 0.157461 0.363637 0.157461 0.4090915 0.07873046 0.454546 0.157461 0.363637 0.157461 0.3181825 0.07873046 0.4090915 0.07873046 0.3181825 0.07873046 0.363637 0 0.4090915 0.07873046 0.1363645 0.07873046 0.181819 0.157461 0.09090995 0.157461 0.1363645 0.07873046 0.2272735 0.07873046 0.181819 0.157461 0.2272735 0.07873046 0.272728 0.157461 0.181819 0.157461 0.181819 0 0.2272735 0.07873046 0.1363645 0.07873046 0.272728 0.157461 0.3181825 0.07873046 0.363637 0.157461 0.909091 0 0.9545455 0.07873046 0.8636365 0.07873046 0.727273 0 0.7727275 0.07873046 0.6818185 0.07873046 0.545455 0 0.5909095 0.07873046 0.5000005 0.07873046 0.272728 0.157461 0.363637 0.157461 0.3181825 0.236191 0.09090995 0.157461 0.181819 0.157461 0.1363645 0.236191 0.818182 0.157461 0.909091 0.157461 0.8636365 0.236191 0.636364 0.157461 0.727273 0.157461 0.6818185 0.236191 0.454546 0.157461 0.545455 0.157461 0.5000005 0.236191 0.272728 0.157461 0.3181825 0.236191 0.2272735 0.236191 0.09090995 0.157461 0.1363645 0.236191 0.04545497 0.236191 0.818182 0.157461 0.8636365 0.236191 0.7727275 0.236191 0.636364 0.157461 0.6818185 0.236191 0.5909095 0.236191 0.454546 0.157461 0.5000005 0.236191 0.4090915 0.236191 0.181819 0.314921 0.272728 0.314921 0.2272735 0.3936515 0 0.314921 0.09090948 0.314921 0.04545497 0.3936515 0.727273 0.314921 0.818182 0.314921 0.7727275 0.3936515 0.545455 0.314921 0.636364 0.314921 0.5909095 0.3936515 0.363637 0.314921 0.454546 0.314921 0.4090915 0.3936515 0.4090915 0.3936515 0.5000005 0.3936515 0.454546 0.472382 0.4090915 0.3936515 0.454546 0.314921 0.5000005 0.3936515 0.454546 0.314921 0.545455 0.314921 0.5000005 0.3936515 0.5909095 0.3936515 0.6818185 0.3936515 0.636364 0.472382 0.5909095 0.3936515 0.636364 0.314921 0.6818185 0.3936515 0.636364 0.314921 0.727273 0.314921 0.6818185 0.3936515 0.7727275 0.3936515 0.8636365 0.3936515 0.818182 0.472382 0.7727275 0.3936515 0.818182 0.314921 0.8636365 0.3936515 0.818182 0.314921 0.909091 0.314921 0.8636365 0.3936515 0.04545497 0.3936515 0.1363645 0.3936515 0.09090995 0.472382 0.04545497 0.3936515 0.09090948 0.314921 0.1363645 0.3936515 0.09090948 0.314921 0.181819 0.314921 0.1363645 0.3936515 0.2272735 0.3936515 0.3181825 0.3936515 0.272728 0.472382 0.2272735 0.3936515 0.272728 0.314921 0.3181825 0.3936515 0.272728 0.314921 0.363637 0.314921 0.3181825 0.3936515 0.4090915 0.236191 0.454546 0.314921 0.363637 0.314921 0.4090915 0.236191 0.5000005 0.236191 0.454546 0.314921 0.5000005 0.236191 0.545455 0.314921 0.454546 0.314921 0.5909095 0.236191 0.636364 0.314921 0.545455 0.314921 0.5909095 0.236191 0.6818185 0.236191 0.636364 0.314921 0.6818185 0.236191 0.727273 0.314921 0.636364 0.314921 0.7727275 0.236191 0.818182 0.314921 0.727273 0.314921 0.7727275 0.236191 0.8636365 0.236191 0.818182 0.314921 0.8636365 0.236191 0.909091 0.314921 0.818182 0.314921 0.04545497 0.236191 0.09090948 0.314921 0 0.314921 0.04545497 0.236191 0.1363645 0.236191 0.09090948 0.314921 0.1363645 0.236191 0.181819 0.314921 0.09090948 0.314921 0.2272735 0.236191 0.272728 0.314921 0.181819 0.314921 0.2272735 0.236191 0.3181825 0.236191 0.272728 0.314921 0.3181825 0.236191 0.363637 0.314921 0.272728 0.314921 0.5000005 0.236191 0.5909095 0.236191 0.545455 0.314921 0.5000005 0.236191 0.545455 0.157461 0.5909095 0.236191 0.545455 0.157461 0.636364 0.157461 0.5909095 0.236191 0.6818185 0.236191 0.7727275 0.236191 0.727273 0.314921 0.6818185 0.236191 0.727273 0.157461 0.7727275 0.236191 0.727273 0.157461 0.818182 0.157461 0.7727275 0.236191 0.8636365 0.236191 0.9545455 0.236191 0.909091 0.314921 0.8636365 0.236191 0.909091 0.157461 0.9545455 0.236191 0.909091 0.157461 1 0.157461 0.9545455 0.236191 0.1363645 0.236191 0.2272735 0.236191 0.181819 0.314921 0.1363645 0.236191 0.181819 0.157461 0.2272735 0.236191 0.181819 0.157461 0.272728 0.157461 0.2272735 0.236191 0.3181825 0.236191 0.4090915 0.236191 0.363637 0.314921 0.3181825 0.236191 0.363637 0.157461 0.4090915 0.236191 0.363637 0.157461 0.454546 0.157461 0.4090915 0.236191 0.5000005 0.07873046 0.545455 0.157461 0.454546 0.157461 0.5000005 0.07873046 0.5909095 0.07873046 0.545455 0.157461 0.5909095 0.07873046 0.636364 0.157461 0.545455 0.157461 0.6818185 0.07873046 0.727273 0.157461 0.636364 0.157461 0.6818185 0.07873046 0.7727275 0.07873046 0.727273 0.157461 0.7727275 0.07873046 0.818182 0.157461 0.727273 0.157461 0.8636365 0.07873046 0.909091 0.157461 0.818182 0.157461 0.8636365 0.07873046 0.9545455 0.07873046 0.909091 0.157461 0.9545455 0.07873046 1 0.157461 0.909091 0.157461 0.363637 0.157461 0.4090915 0.07873046 0.454546 0.157461 0.363637 0.157461 0.3181825 0.07873046 0.4090915 0.07873046 0.3181825 0.07873046 0.363637 0 0.4090915 0.07873046 0.1363645 0.07873046 0.181819 0.157461 0.09090995 0.157461 0.1363645 0.07873046 0.2272735 0.07873046 0.181819 0.157461 0.2272735 0.07873046 0.272728 0.157461 0.181819 0.157461 0.181819 0 0.2272735 0.07873046 0.1363645 0.07873046 0.272728 0.157461 0.3181825 0.07873046 0.363637 0.157461 0.909091 0 0.9545455 0.07873046 0.8636365 0.07873046 0.727273 0 0.7727275 0.07873046 0.6818185 0.07873046 0.545455 0 0.5909095 0.07873046 0.5000005 0.07873046 0.272728 0.157461 0.363637 0.157461 0.3181825 0.236191 0.09090995 0.157461 0.181819 0.157461 0.1363645 0.236191 0.818182 0.157461 0.909091 0.157461 0.8636365 0.236191 0.636364 0.157461 0.727273 0.157461 0.6818185 0.236191 0.454546 0.157461 0.545455 0.157461 0.5000005 0.236191 0.272728 0.157461 0.3181825 0.236191 0.2272735 0.236191 0.09090995 0.157461 0.1363645 0.236191 0.04545497 0.236191 0.818182 0.157461 0.8636365 0.236191 0.7727275 0.236191 0.636364 0.157461 0.6818185 0.236191 0.5909095 0.236191 0.454546 0.157461 0.5000005 0.236191 0.4090915 0.236191 0.181819 0.314921 0.272728 0.314921 0.2272735 0.3936515 0 0.314921 0.09090948 0.314921 0.04545497 0.3936515 0.727273 0.314921 0.818182 0.314921 0.7727275 0.3936515 0.545455 0.314921 0.636364 0.314921 0.5909095 0.3936515 0.363637 0.314921 0.454546 0.314921 0.4090915 0.3936515 0.4090915 0.3936515 0.5000005 0.3936515 0.454546 0.472382 0.4090915 0.3936515 0.454546 0.314921 0.5000005 0.3936515 0.454546 0.314921 0.545455 0.314921 0.5000005 0.3936515 0.5909095 0.3936515 0.6818185 0.3936515 0.636364 0.472382 0.5909095 0.3936515 0.636364 0.314921 0.6818185 0.3936515 0.636364 0.314921 0.727273 0.314921 0.6818185 0.3936515 0.7727275 0.3936515 0.8636365 0.3936515 0.818182 0.472382 0.7727275 0.3936515 0.818182 0.314921 0.8636365 0.3936515 0.818182 0.314921 0.909091 0.314921 0.8636365 0.3936515 0.04545497 0.3936515 0.1363645 0.3936515 0.09090995 0.472382 0.04545497 0.3936515 0.09090948 0.314921 0.1363645 0.3936515 0.09090948 0.314921 0.181819 0.314921 0.1363645 0.3936515 0.2272735 0.3936515 0.3181825 0.3936515 0.272728 0.472382 0.2272735 0.3936515 0.272728 0.314921 0.3181825 0.3936515 0.272728 0.314921 0.363637 0.314921 0.3181825 0.3936515 0.4090915 0.236191 0.454546 0.314921 0.363637 0.314921 0.4090915 0.236191 0.5000005 0.236191 0.454546 0.314921 0.5000005 0.236191 0.545455 0.314921 0.454546 0.314921 0.5909095 0.236191 0.636364 0.314921 0.545455 0.314921 0.5909095 0.236191 0.6818185 0.236191 0.636364 0.314921 0.6818185 0.236191 0.727273 0.314921 0.636364 0.314921 0.7727275 0.236191 0.818182 0.314921 0.727273 0.314921 0.7727275 0.236191 0.8636365 0.236191 0.818182 0.314921 0.8636365 0.236191 0.909091 0.314921 0.818182 0.314921 0.04545497 0.236191 0.09090948 0.314921 0 0.314921 0.04545497 0.236191 0.1363645 0.236191 0.09090948 0.314921 0.1363645 0.236191 0.181819 0.314921 0.09090948 0.314921 0.2272735 0.236191 0.272728 0.314921 0.181819 0.314921 0.2272735 0.236191 0.3181825 0.236191 0.272728 0.314921 0.3181825 0.236191 0.363637 0.314921 0.272728 0.314921 0.5000005 0.236191 0.5909095 0.236191 0.545455 0.314921 0.5000005 0.236191 0.545455 0.157461 0.5909095 0.236191 0.545455 0.157461 0.636364 0.157461 0.5909095 0.236191 0.6818185 0.236191 0.7727275 0.236191 0.727273 0.314921 0.6818185 0.236191 0.727273 0.157461 0.7727275 0.236191 0.727273 0.157461 0.818182 0.157461 0.7727275 0.236191 0.8636365 0.236191 0.9545455 0.236191 0.909091 0.314921 0.8636365 0.236191 0.909091 0.157461 0.9545455 0.236191 0.909091 0.157461 1 0.157461 0.9545455 0.236191 0.1363645 0.236191 0.2272735 0.236191 0.181819 0.314921 0.1363645 0.236191 0.181819 0.157461 0.2272735 0.236191 0.181819 0.157461 0.272728 0.157461 0.2272735 0.236191 0.3181825 0.236191 0.4090915 0.236191 0.363637 0.314921 0.3181825 0.236191 0.363637 0.157461 0.4090915 0.236191 0.363637 0.157461 0.454546 0.157461 0.4090915 0.236191 0.5000005 0.07873046 0.545455 0.157461 0.454546 0.157461 0.5000005 0.07873046 0.5909095 0.07873046 0.545455 0.157461 0.5909095 0.07873046 0.636364 0.157461 0.545455 0.157461 0.6818185 0.07873046 0.727273 0.157461 0.636364 0.157461 0.6818185 0.07873046 0.7727275 0.07873046 0.727273 0.157461 0.7727275 0.07873046 0.818182 0.157461 0.727273 0.157461 0.8636365 0.07873046 0.909091 0.157461 0.818182 0.157461 0.8636365 0.07873046 0.9545455 0.07873046 0.909091 0.157461 0.9545455 0.07873046 1 0.157461 0.909091 0.157461 0.363637 0.157461 0.4090915 0.07873046 0.454546 0.157461 0.363637 0.157461 0.3181825 0.07873046 0.4090915 0.07873046 0.3181825 0.07873046 0.363637 0 0.4090915 0.07873046 0.1363645 0.07873046 0.181819 0.157461 0.09090995 0.157461 0.1363645 0.07873046 0.2272735 0.07873046 0.181819 0.157461 0.2272735 0.07873046 0.272728 0.157461 0.181819 0.157461 0.181819 0 0.2272735 0.07873046 0.1363645 0.07873046 0.272728 0.157461 0.3181825 0.07873046 0.363637 0.157461 0.909091 0 0.9545455 0.07873046 0.8636365 0.07873046 0.727273 0 0.7727275 0.07873046 0.6818185 0.07873046 0.545455 0 0.5909095 0.07873046 0.5000005 0.07873046 0.272728 0.157461 0.363637 0.157461 0.3181825 0.236191 0.09090995 0.157461 0.181819 0.157461 0.1363645 0.236191 0.818182 0.157461 0.909091 0.157461 0.8636365 0.236191 0.636364 0.157461 0.727273 0.157461 0.6818185 0.236191 0.454546 0.157461 0.545455 0.157461 0.5000005 0.236191 0.272728 0.157461 0.3181825 0.236191 0.2272735 0.236191 0.09090995 0.157461 0.1363645 0.236191 0.04545497 0.236191 0.818182 0.157461 0.8636365 0.236191 0.7727275 0.236191 0.636364 0.157461 0.6818185 0.236191 0.5909095 0.236191 0.454546 0.157461 0.5000005 0.236191 0.4090915 0.236191 0.181819 0.314921 0.272728 0.314921 0.2272735 0.3936515 0 0.314921 0.09090948 0.314921 0.04545497 0.3936515 0.727273 0.314921 0.818182 0.314921 0.7727275 0.3936515 0.545455 0.314921 0.636364 0.314921 0.5909095 0.3936515 0.363637 0.314921 0.454546 0.314921 0.4090915 0.3936515 0.4090915 0.3936515 0.5000005 0.3936515 0.454546 0.472382 0.4090915 0.3936515 0.454546 0.314921 0.5000005 0.3936515 0.454546 0.314921 0.545455 0.314921 0.5000005 0.3936515 0.5909095 0.3936515 0.6818185 0.3936515 0.636364 0.472382 0.5909095 0.3936515 0.636364 0.314921 0.6818185 0.3936515 0.636364 0.314921 0.727273 0.314921 0.6818185 0.3936515 0.7727275 0.3936515 0.8636365 0.3936515 0.818182 0.472382 0.7727275 0.3936515 0.818182 0.314921 0.8636365 0.3936515 0.818182 0.314921 0.909091 0.314921 0.8636365 0.3936515 0.04545497 0.3936515 0.1363645 0.3936515 0.09090995 0.472382 0.04545497 0.3936515 0.09090948 0.314921 0.1363645 0.3936515 0.09090948 0.314921 0.181819 0.314921 0.1363645 0.3936515 0.2272735 0.3936515 0.3181825 0.3936515 0.272728 0.472382 0.2272735 0.3936515 0.272728 0.314921 0.3181825 0.3936515 0.272728 0.314921 0.363637 0.314921 0.3181825 0.3936515 0.4090915 0.236191 0.454546 0.314921 0.363637 0.314921 0.4090915 0.236191 0.5000005 0.236191 0.454546 0.314921 0.5000005 0.236191 0.545455 0.314921 0.454546 0.314921 0.5909095 0.236191 0.636364 0.314921 0.545455 0.314921 0.5909095 0.236191 0.6818185 0.236191 0.636364 0.314921 0.6818185 0.236191 0.727273 0.314921 0.636364 0.314921 0.7727275 0.236191 0.818182 0.314921 0.727273 0.314921 0.7727275 0.236191 0.8636365 0.236191 0.818182 0.314921 0.8636365 0.236191 0.909091 0.314921 0.818182 0.314921 0.04545497 0.236191 0.09090948 0.314921 0 0.314921 0.04545497 0.236191 0.1363645 0.236191 0.09090948 0.314921 0.1363645 0.236191 0.181819 0.314921 0.09090948 0.314921 0.2272735 0.236191 0.272728 0.314921 0.181819 0.314921 0.2272735 0.236191 0.3181825 0.236191 0.272728 0.314921 0.3181825 0.236191 0.363637 0.314921 0.272728 0.314921 0.5000005 0.236191 0.5909095 0.236191 0.545455 0.314921 0.5000005 0.236191 0.545455 0.157461 0.5909095 0.236191 0.545455 0.157461 0.636364 0.157461 0.5909095 0.236191 0.6818185 0.236191 0.7727275 0.236191 0.727273 0.314921 0.6818185 0.236191 0.727273 0.157461 0.7727275 0.236191 0.727273 0.157461 0.818182 0.157461 0.7727275 0.236191 0.8636365 0.236191 0.9545455 0.236191 0.909091 0.314921 0.8636365 0.236191 0.909091 0.157461 0.9545455 0.236191 0.909091 0.157461 1 0.157461 0.9545455 0.236191 0.1363645 0.236191 0.2272735 0.236191 0.181819 0.314921 0.1363645 0.236191 0.181819 0.157461 0.2272735 0.236191 0.181819 0.157461 0.272728 0.157461 0.2272735 0.236191 0.3181825 0.236191 0.4090915 0.236191 0.363637 0.314921 0.3181825 0.236191 0.363637 0.157461 0.4090915 0.236191 0.363637 0.157461 0.454546 0.157461 0.4090915 0.236191 0.5000005 0.07873046 0.545455 0.157461 0.454546 0.157461 0.5000005 0.07873046 0.5909095 0.07873046 0.545455 0.157461 0.5909095 0.07873046 0.636364 0.157461 0.545455 0.157461 0.6818185 0.07873046 0.727273 0.157461 0.636364 0.157461 0.6818185 0.07873046 0.7727275 0.07873046 0.727273 0.157461 0.7727275 0.07873046 0.818182 0.157461 0.727273 0.157461 0.8636365 0.07873046 0.909091 0.157461 0.818182 0.157461 0.8636365 0.07873046 0.9545455 0.07873046 0.909091 0.157461 0.9545455 0.07873046 1 0.157461 0.909091 0.157461 0.363637 0.157461 0.4090915 0.07873046 0.454546 0.157461 0.363637 0.157461 0.3181825 0.07873046 0.4090915 0.07873046 0.3181825 0.07873046 0.363637 0 0.4090915 0.07873046 0.1363645 0.07873046 0.181819 0.157461 0.09090995 0.157461 0.1363645 0.07873046 0.2272735 0.07873046 0.181819 0.157461 0.2272735 0.07873046 0.272728 0.157461 0.181819 0.157461 0.181819 0 0.2272735 0.07873046 0.1363645 0.07873046 0.272728 0.157461 0.3181825 0.07873046 0.363637 0.157461 0.909091 0 0.9545455 0.07873046 0.8636365 0.07873046 0.727273 0 0.7727275 0.07873046 0.6818185 0.07873046 0.545455 0 0.5909095 0.07873046 0.5000005 0.07873046 0.272728 0.157461 0.363637 0.157461 0.3181825 0.236191 0.09090995 0.157461 0.181819 0.157461 0.1363645 0.236191 0.818182 0.157461 0.909091 0.157461 0.8636365 0.236191 0.636364 0.157461 0.727273 0.157461 0.6818185 0.236191 0.454546 0.157461 0.545455 0.157461 0.5000005 0.236191 0.272728 0.157461 0.3181825 0.236191 0.2272735 0.236191 0.09090995 0.157461 0.1363645 0.236191 0.04545497 0.236191 0.818182 0.157461 0.8636365 0.236191 0.7727275 0.236191 0.636364 0.157461 0.6818185 0.236191 0.5909095 0.236191 0.454546 0.157461 0.5000005 0.236191 0.4090915 0.236191 0.181819 0.314921 0.272728 0.314921 0.2272735 0.3936515 0 0.314921 0.09090948 0.314921 0.04545497 0.3936515 0.727273 0.314921 0.818182 0.314921 0.7727275 0.3936515 0.545455 0.314921 0.636364 0.314921 0.5909095 0.3936515 0.363637 0.314921 0.454546 0.314921 0.4090915 0.3936515 0.4090915 0.3936515 0.5000005 0.3936515 0.454546 0.472382 0.4090915 0.3936515 0.454546 0.314921 0.5000005 0.3936515 0.454546 0.314921 0.545455 0.314921 0.5000005 0.3936515 0.5909095 0.3936515 0.6818185 0.3936515 0.636364 0.472382 0.5909095 0.3936515 0.636364 0.314921 0.6818185 0.3936515 0.636364 0.314921 0.727273 0.314921 0.6818185 0.3936515 0.7727275 0.3936515 0.8636365 0.3936515 0.818182 0.472382 0.7727275 0.3936515 0.818182 0.314921 0.8636365 0.3936515 0.818182 0.314921 0.909091 0.314921 0.8636365 0.3936515 0.04545497 0.3936515 0.1363645 0.3936515 0.09090995 0.472382 0.04545497 0.3936515 0.09090948 0.314921 0.1363645 0.3936515 0.09090948 0.314921 0.181819 0.314921 0.1363645 0.3936515 0.2272735 0.3936515 0.3181825 0.3936515 0.272728 0.472382 0.2272735 0.3936515 0.272728 0.314921 0.3181825 0.3936515 0.272728 0.314921 0.363637 0.314921 0.3181825 0.3936515 0.4090915 0.236191 0.454546 0.314921 0.363637 0.314921 0.4090915 0.236191 0.5000005 0.236191 0.454546 0.314921 0.5000005 0.236191 0.545455 0.314921 0.454546 0.314921 0.5909095 0.236191 0.636364 0.314921 0.545455 0.314921 0.5909095 0.236191 0.6818185 0.236191 0.636364 0.314921 0.6818185 0.236191 0.727273 0.314921 0.636364 0.314921 0.7727275 0.236191 0.818182 0.314921 0.727273 0.314921 0.7727275 0.236191 0.8636365 0.236191 0.818182 0.314921 0.8636365 0.236191 0.909091 0.314921 0.818182 0.314921 0.04545497 0.236191 0.09090948 0.314921 0 0.314921 0.04545497 0.236191 0.1363645 0.236191 0.09090948 0.314921 0.1363645 0.236191 0.181819 0.314921 0.09090948 0.314921 0.2272735 0.236191 0.272728 0.314921 0.181819 0.314921 0.2272735 0.236191 0.3181825 0.236191 0.272728 0.314921 0.3181825 0.236191 0.363637 0.314921 0.272728 0.314921 0.5000005 0.236191 0.5909095 0.236191 0.545455 0.314921 0.5000005 0.236191 0.545455 0.157461 0.5909095 0.236191 0.545455 0.157461 0.636364 0.157461 0.5909095 0.236191 0.6818185 0.236191 0.7727275 0.236191 0.727273 0.314921 0.6818185 0.236191 0.727273 0.157461 0.7727275 0.236191 0.727273 0.157461 0.818182 0.157461 0.7727275 0.236191 0.8636365 0.236191 0.9545455 0.236191 0.909091 0.314921 0.8636365 0.236191 0.909091 0.157461 0.9545455 0.236191 0.909091 0.157461 1 0.157461 0.9545455 0.236191 0.1363645 0.236191 0.2272735 0.236191 0.181819 0.314921 0.1363645 0.236191 0.181819 0.157461 0.2272735 0.236191 0.181819 0.157461 0.272728 0.157461 0.2272735 0.236191 0.3181825 0.236191 0.4090915 0.236191 0.363637 0.314921 0.3181825 0.236191 0.363637 0.157461 0.4090915 0.236191 0.363637 0.157461 0.454546 0.157461 0.4090915 0.236191 0.5000005 0.07873046 0.545455 0.157461 0.454546 0.157461 0.5000005 0.07873046 0.5909095 0.07873046 0.545455 0.157461 0.5909095 0.07873046 0.636364 0.157461 0.545455 0.157461 0.6818185 0.07873046 0.727273 0.157461 0.636364 0.157461 0.6818185 0.07873046 0.7727275 0.07873046 0.727273 0.157461 0.7727275 0.07873046 0.818182 0.157461 0.727273 0.157461 0.8636365 0.07873046 0.909091 0.157461 0.818182 0.157461 0.8636365 0.07873046 0.9545455 0.07873046 0.909091 0.157461 0.9545455 0.07873046 1 0.157461 0.909091 0.157461 0.363637 0.157461 0.4090915 0.07873046 0.454546 0.157461 0.363637 0.157461 0.3181825 0.07873046 0.4090915 0.07873046 0.3181825 0.07873046 0.363637 0 0.4090915 0.07873046 0.1363645 0.07873046 0.181819 0.157461 0.09090995 0.157461 0.1363645 0.07873046 0.2272735 0.07873046 0.181819 0.157461 0.2272735 0.07873046 0.272728 0.157461 0.181819 0.157461 0.181819 0 0.2272735 0.07873046 0.1363645 0.07873046 0.272728 0.157461 0.3181825 0.07873046 0.363637 0.157461 0.909091 0 0.9545455 0.07873046 0.8636365 0.07873046 0.727273 0 0.7727275 0.07873046 0.6818185 0.07873046 0.545455 0 0.5909095 0.07873046 0.5000005 0.07873046 0.272728 0.157461 0.363637 0.157461 0.3181825 0.236191 0.09090995 0.157461 0.181819 0.157461 0.1363645 0.236191 0.818182 0.157461 0.909091 0.157461 0.8636365 0.236191 0.636364 0.157461 0.727273 0.157461 0.6818185 0.236191 0.454546 0.157461 0.545455 0.157461 0.5000005 0.236191 0.272728 0.157461 0.3181825 0.236191 0.2272735 0.236191 0.09090995 0.157461 0.1363645 0.236191 0.04545497 0.236191 0.818182 0.157461 0.8636365 0.236191 0.7727275 0.236191 0.636364 0.157461 0.6818185 0.236191 0.5909095 0.236191 0.454546 0.157461 0.5000005 0.236191 0.4090915 0.236191 0.181819 0.314921 0.272728 0.314921 0.2272735 0.3936515 0 0.314921 0.09090948 0.314921 0.04545497 0.3936515 0.727273 0.314921 0.818182 0.314921 0.7727275 0.3936515 0.545455 0.314921 0.636364 0.314921 0.5909095 0.3936515 0.363637 0.314921 0.454546 0.314921 0.4090915 0.3936515 0.4090915 0.3936515 0.5000005 0.3936515 0.454546 0.472382 0.4090915 0.3936515 0.454546 0.314921 0.5000005 0.3936515 0.454546 0.314921 0.545455 0.314921 0.5000005 0.3936515 0.5909095 0.3936515 0.6818185 0.3936515 0.636364 0.472382 0.5909095 0.3936515 0.636364 0.314921 0.6818185 0.3936515 0.636364 0.314921 0.727273 0.314921 0.6818185 0.3936515 0.7727275 0.3936515 0.8636365 0.3936515 0.818182 0.472382 0.7727275 0.3936515 0.818182 0.314921 0.8636365 0.3936515 0.818182 0.314921 0.909091 0.314921 0.8636365 0.3936515 0.04545497 0.3936515 0.1363645 0.3936515 0.09090995 0.472382 0.04545497 0.3936515 0.09090948 0.314921 0.1363645 0.3936515 0.09090948 0.314921 0.181819 0.314921 0.1363645 0.3936515 0.2272735 0.3936515 0.3181825 0.3936515 0.272728 0.472382 0.2272735 0.3936515 0.272728 0.314921 0.3181825 0.3936515 0.272728 0.314921 0.363637 0.314921 0.3181825 0.3936515 0.4090915 0.236191 0.454546 0.314921 0.363637 0.314921 0.4090915 0.236191 0.5000005 0.236191 0.454546 0.314921 0.5000005 0.236191 0.545455 0.314921 0.454546 0.314921 0.5909095 0.236191 0.636364 0.314921 0.545455 0.314921 0.5909095 0.236191 0.6818185 0.236191 0.636364 0.314921 0.6818185 0.236191 0.727273 0.314921 0.636364 0.314921 0.7727275 0.236191 0.818182 0.314921 0.727273 0.314921 0.7727275 0.236191 0.8636365 0.236191 0.818182 0.314921 0.8636365 0.236191 0.909091 0.314921 0.818182 0.314921 0.04545497 0.236191 0.09090948 0.314921 0 0.314921 0.04545497 0.236191 0.1363645 0.236191 0.09090948 0.314921 0.1363645 0.236191 0.181819 0.314921 0.09090948 0.314921 0.2272735 0.236191 0.272728 0.314921 0.181819 0.314921 0.2272735 0.236191 0.3181825 0.236191 0.272728 0.314921 0.3181825 0.236191 0.363637 0.314921 0.272728 0.314921 0.5000005 0.236191 0.5909095 0.236191 0.545455 0.314921 0.5000005 0.236191 0.545455 0.157461 0.5909095 0.236191 0.545455 0.157461 0.636364 0.157461 0.5909095 0.236191 0.6818185 0.236191 0.7727275 0.236191 0.727273 0.314921 0.6818185 0.236191 0.727273 0.157461 0.7727275 0.236191 0.727273 0.157461 0.818182 0.157461 0.7727275 0.236191 0.8636365 0.236191 0.9545455 0.236191 0.909091 0.314921 0.8636365 0.236191 0.909091 0.157461 0.9545455 0.236191 0.909091 0.157461 1 0.157461 0.9545455 0.236191 0.1363645 0.236191 0.2272735 0.236191 0.181819 0.314921 0.1363645 0.236191 0.181819 0.157461 0.2272735 0.236191 0.181819 0.157461 0.272728 0.157461 0.2272735 0.236191 0.3181825 0.236191 0.4090915 0.236191 0.363637 0.314921 0.3181825 0.236191 0.363637 0.157461 0.4090915 0.236191 0.363637 0.157461 0.454546 0.157461 0.4090915 0.236191 0.5000005 0.07873046 0.545455 0.157461 0.454546 0.157461 0.5000005 0.07873046 0.5909095 0.07873046 0.545455 0.157461 0.5909095 0.07873046 0.636364 0.157461 0.545455 0.157461 0.6818185 0.07873046 0.727273 0.157461 0.636364 0.157461 0.6818185 0.07873046 0.7727275 0.07873046 0.727273 0.157461 0.7727275 0.07873046 0.818182 0.157461 0.727273 0.157461 0.8636365 0.07873046 0.909091 0.157461 0.818182 0.157461 0.8636365 0.07873046 0.9545455 0.07873046 0.909091 0.157461 0.9545455 0.07873046 1 0.157461 0.909091 0.157461 0.363637 0.157461 0.4090915 0.07873046 0.454546 0.157461 0.363637 0.157461 0.3181825 0.07873046 0.4090915 0.07873046 0.3181825 0.07873046 0.363637 0 0.4090915 0.07873046 0.1363645 0.07873046 0.181819 0.157461 0.09090995 0.157461 0.1363645 0.07873046 0.2272735 0.07873046 0.181819 0.157461 0.2272735 0.07873046 0.272728 0.157461 0.181819 0.157461 0.181819 0 0.2272735 0.07873046 0.1363645 0.07873046 0.272728 0.157461 0.3181825 0.07873046 0.363637 0.157461 0.909091 0 0.9545455 0.07873046 0.8636365 0.07873046 0.727273 0 0.7727275 0.07873046 0.6818185 0.07873046 0.545455 0 0.5909095 0.07873046 0.5000005 0.07873046 0.272728 0.157461 0.363637 0.157461 0.3181825 0.236191 0.09090995 0.157461 0.181819 0.157461 0.1363645 0.236191 0.818182 0.157461 0.909091 0.157461 0.8636365 0.236191 0.636364 0.157461 0.727273 0.157461 0.6818185 0.236191 0.454546 0.157461 0.545455 0.157461 0.5000005 0.236191 0.272728 0.157461 0.3181825 0.236191 0.2272735 0.236191 0.09090995 0.157461 0.1363645 0.236191 0.04545497 0.236191 0.818182 0.157461 0.8636365 0.236191 0.7727275 0.236191 0.636364 0.157461 0.6818185 0.236191 0.5909095 0.236191 0.454546 0.157461 0.5000005 0.236191 0.4090915 0.236191 0.181819 0.314921 0.272728 0.314921 0.2272735 0.3936515 0 0.314921 0.09090948 0.314921 0.04545497 0.3936515 0.727273 0.314921 0.818182 0.314921 0.7727275 0.3936515 0.545455 0.314921 0.636364 0.314921 0.5909095 0.3936515 0.363637 0.314921 0.454546 0.314921 0.4090915 0.3936515 0.4090915 0.3936515 0.5000005 0.3936515 0.454546 0.472382 0.4090915 0.3936515 0.454546 0.314921 0.5000005 0.3936515 0.454546 0.314921 0.545455 0.314921 0.5000005 0.3936515 0.5909095 0.3936515 0.6818185 0.3936515 0.636364 0.472382 0.5909095 0.3936515 0.636364 0.314921 0.6818185 0.3936515 0.636364 0.314921 0.727273 0.314921 0.6818185 0.3936515 0.7727275 0.3936515 0.8636365 0.3936515 0.818182 0.472382 0.7727275 0.3936515 0.818182 0.314921 0.8636365 0.3936515 0.818182 0.314921 0.909091 0.314921 0.8636365 0.3936515 0.04545497 0.3936515 0.1363645 0.3936515 0.09090995 0.472382 0.04545497 0.3936515 0.09090948 0.314921 0.1363645 0.3936515 0.09090948 0.314921 0.181819 0.314921 0.1363645 0.3936515 0.2272735 0.3936515 0.3181825 0.3936515 0.272728 0.472382 0.2272735 0.3936515 0.272728 0.314921 0.3181825 0.3936515 0.272728 0.314921 0.363637 0.314921 0.3181825 0.3936515 0.4090915 0.236191 0.454546 0.314921 0.363637 0.314921 0.4090915 0.236191 0.5000005 0.236191 0.454546 0.314921 0.5000005 0.236191 0.545455 0.314921 0.454546 0.314921 0.5909095 0.236191 0.636364 0.314921 0.545455 0.314921 0.5909095 0.236191 0.6818185 0.236191 0.636364 0.314921 0.6818185 0.236191 0.727273 0.314921 0.636364 0.314921 0.7727275 0.236191 0.818182 0.314921 0.727273 0.314921 0.7727275 0.236191 0.8636365 0.236191 0.818182 0.314921 0.8636365 0.236191 0.909091 0.314921 0.818182 0.314921 0.04545497 0.236191 0.09090948 0.314921 0 0.314921 0.04545497 0.236191 0.1363645 0.236191 0.09090948 0.314921 0.1363645 0.236191 0.181819 0.314921 0.09090948 0.314921 0.2272735 0.236191 0.272728 0.314921 0.181819 0.314921 0.2272735 0.236191 0.3181825 0.236191 0.272728 0.314921 0.3181825 0.236191 0.363637 0.314921 0.272728 0.314921 0.5000005 0.236191 0.5909095 0.236191 0.545455 0.314921 0.5000005 0.236191 0.545455 0.157461 0.5909095 0.236191 0.545455 0.157461 0.636364 0.157461 0.5909095 0.236191 0.6818185 0.236191 0.7727275 0.236191 0.727273 0.314921 0.6818185 0.236191 0.727273 0.157461 0.7727275 0.236191 0.727273 0.157461 0.818182 0.157461 0.7727275 0.236191 0.8636365 0.236191 0.9545455 0.236191 0.909091 0.314921 0.8636365 0.236191 0.909091 0.157461 0.9545455 0.236191 0.909091 0.157461 1 0.157461 0.9545455 0.236191 0.1363645 0.236191 0.2272735 0.236191 0.181819 0.314921 0.1363645 0.236191 0.181819 0.157461 0.2272735 0.236191 0.181819 0.157461 0.272728 0.157461 0.2272735 0.236191 0.3181825 0.236191 0.4090915 0.236191 0.363637 0.314921 0.3181825 0.236191 0.363637 0.157461 0.4090915 0.236191 0.363637 0.157461 0.454546 0.157461 0.4090915 0.236191 0.5000005 0.07873046 0.545455 0.157461 0.454546 0.157461 0.5000005 0.07873046 0.5909095 0.07873046 0.545455 0.157461 0.5909095 0.07873046 0.636364 0.157461 0.545455 0.157461 0.6818185 0.07873046 0.727273 0.157461 0.636364 0.157461 0.6818185 0.07873046 0.7727275 0.07873046 0.727273 0.157461 0.7727275 0.07873046 0.818182 0.157461 0.727273 0.157461 0.8636365 0.07873046 0.909091 0.157461 0.818182 0.157461 0.8636365 0.07873046 0.9545455 0.07873046 0.909091 0.157461 0.9545455 0.07873046 1 0.157461 0.909091 0.157461 0.363637 0.157461 0.4090915 0.07873046 0.454546 0.157461 0.363637 0.157461 0.3181825 0.07873046 0.4090915 0.07873046 0.3181825 0.07873046 0.363637 0 0.4090915 0.07873046 0.1363645 0.07873046 0.181819 0.157461 0.09090995 0.157461 0.1363645 0.07873046 0.2272735 0.07873046 0.181819 0.157461 0.2272735 0.07873046 0.272728 0.157461 0.181819 0.157461 0.181819 0 0.2272735 0.07873046 0.1363645 0.07873046 0.272728 0.157461 0.3181825 0.07873046 0.363637 0.157461 0.909091 0 0.9545455 0.07873046 0.8636365 0.07873046 0.727273 0 0.7727275 0.07873046 0.6818185 0.07873046 0.545455 0 0.5909095 0.07873046 0.5000005 0.07873046 0.272728 0.157461 0.363637 0.157461 0.3181825 0.236191 0.09090995 0.157461 0.181819 0.157461 0.1363645 0.236191 0.818182 0.157461 0.909091 0.157461 0.8636365 0.236191 0.636364 0.157461 0.727273 0.157461 0.6818185 0.236191 0.454546 0.157461 0.545455 0.157461 0.5000005 0.236191 0.272728 0.157461 0.3181825 0.236191 0.2272735 0.236191 0.09090995 0.157461 0.1363645 0.236191 0.04545497 0.236191 0.818182 0.157461 0.8636365 0.236191 0.7727275 0.236191 0.636364 0.157461 0.6818185 0.236191 0.5909095 0.236191 0.454546 0.157461 0.5000005 0.236191 0.4090915 0.236191 0.181819 0.314921 0.272728 0.314921 0.2272735 0.3936515 0 0.314921 0.09090948 0.314921 0.04545497 0.3936515 0.727273 0.314921 0.818182 0.314921 0.7727275 0.3936515 0.545455 0.314921 0.636364 0.314921 0.5909095 0.3936515 0.363637 0.314921 0.454546 0.314921 0.4090915 0.3936515 0.4090915 0.3936515 0.5000005 0.3936515 0.454546 0.472382 0.4090915 0.3936515 0.454546 0.314921 0.5000005 0.3936515 0.454546 0.314921 0.545455 0.314921 0.5000005 0.3936515 0.5909095 0.3936515 0.6818185 0.3936515 0.636364 0.472382 0.5909095 0.3936515 0.636364 0.314921 0.6818185 0.3936515 0.636364 0.314921 0.727273 0.314921 0.6818185 0.3936515 0.7727275 0.3936515 0.8636365 0.3936515 0.818182 0.472382 0.7727275 0.3936515 0.818182 0.314921 0.8636365 0.3936515 0.818182 0.314921 0.909091 0.314921 0.8636365 0.3936515 0.04545497 0.3936515 0.1363645 0.3936515 0.09090995 0.472382 0.04545497 0.3936515 0.09090948 0.314921 0.1363645 0.3936515 0.09090948 0.314921 0.181819 0.314921 0.1363645 0.3936515 0.2272735 0.3936515 0.3181825 0.3936515 0.272728 0.472382 0.2272735 0.3936515 0.272728 0.314921 0.3181825 0.3936515 0.272728 0.314921 0.363637 0.314921 0.3181825 0.3936515 0.4090915 0.236191 0.454546 0.314921 0.363637 0.314921 0.4090915 0.236191 0.5000005 0.236191 0.454546 0.314921 0.5000005 0.236191 0.545455 0.314921 0.454546 0.314921 0.5909095 0.236191 0.636364 0.314921 0.545455 0.314921 0.5909095 0.236191 0.6818185 0.236191 0.636364 0.314921 0.6818185 0.236191 0.727273 0.314921 0.636364 0.314921 0.7727275 0.236191 0.818182 0.314921 0.727273 0.314921 0.7727275 0.236191 0.8636365 0.236191 0.818182 0.314921 0.8636365 0.236191 0.909091 0.314921 0.818182 0.314921 0.04545497 0.236191 0.09090948 0.314921 0 0.314921 0.04545497 0.236191 0.1363645 0.236191 0.09090948 0.314921 0.1363645 0.236191 0.181819 0.314921 0.09090948 0.314921 0.2272735 0.236191 0.272728 0.314921 0.181819 0.314921 0.2272735 0.236191 0.3181825 0.236191 0.272728 0.314921 0.3181825 0.236191 0.363637 0.314921 0.272728 0.314921 0.5000005 0.236191 0.5909095 0.236191 0.545455 0.314921 0.5000005 0.236191 0.545455 0.157461 0.5909095 0.236191 0.545455 0.157461 0.636364 0.157461 0.5909095 0.236191 0.6818185 0.236191 0.7727275 0.236191 0.727273 0.314921 0.6818185 0.236191 0.727273 0.157461 0.7727275 0.236191 0.727273 0.157461 0.818182 0.157461 0.7727275 0.236191 0.8636365 0.236191 0.9545455 0.236191 0.909091 0.314921 0.8636365 0.236191 0.909091 0.157461 0.9545455 0.236191 0.909091 0.157461 1 0.157461 0.9545455 0.236191 0.1363645 0.236191 0.2272735 0.236191 0.181819 0.314921 0.1363645 0.236191 0.181819 0.157461 0.2272735 0.236191 0.181819 0.157461 0.272728 0.157461 0.2272735 0.236191 0.3181825 0.236191 0.4090915 0.236191 0.363637 0.314921 0.3181825 0.236191 0.363637 0.157461 0.4090915 0.236191 0.363637 0.157461 0.454546 0.157461 0.4090915 0.236191 0.5000005 0.07873046 0.545455 0.157461 0.454546 0.157461 0.5000005 0.07873046 0.5909095 0.07873046 0.545455 0.157461 0.5909095 0.07873046 0.636364 0.157461 0.545455 0.157461 0.6818185 0.07873046 0.727273 0.157461 0.636364 0.157461 0.6818185 0.07873046 0.7727275 0.07873046 0.727273 0.157461 0.7727275 0.07873046 0.818182 0.157461 0.727273 0.157461 0.8636365 0.07873046 0.909091 0.157461 0.818182 0.157461 0.8636365 0.07873046 0.9545455 0.07873046 0.909091 0.157461 0.9545455 0.07873046 1 0.157461 0.909091 0.157461 0.363637 0.157461 0.4090915 0.07873046 0.454546 0.157461 0.363637 0.157461 0.3181825 0.07873046 0.4090915 0.07873046 0.3181825 0.07873046 0.363637 0 0.4090915 0.07873046 0.1363645 0.07873046 0.181819 0.157461 0.09090995 0.157461 0.1363645 0.07873046 0.2272735 0.07873046 0.181819 0.157461 0.2272735 0.07873046 0.272728 0.157461 0.181819 0.157461 0.181819 0 0.2272735 0.07873046 0.1363645 0.07873046 0.272728 0.157461 0.3181825 0.07873046 0.363637 0.157461 0.909091 0 0.9545455 0.07873046 0.8636365 0.07873046 0.727273 0 0.7727275 0.07873046 0.6818185 0.07873046 0.545455 0 0.5909095 0.07873046 0.5000005 0.07873046 0.272728 0.157461 0.363637 0.157461 0.3181825 0.236191 0.09090995 0.157461 0.181819 0.157461 0.1363645 0.236191 0.818182 0.157461 0.909091 0.157461 0.8636365 0.236191 0.636364 0.157461 0.727273 0.157461 0.6818185 0.236191 0.454546 0.157461 0.545455 0.157461 0.5000005 0.236191 0.272728 0.157461 0.3181825 0.236191 0.2272735 0.236191 0.09090995 0.157461 0.1363645 0.236191 0.04545497 0.236191 0.818182 0.157461 0.8636365 0.236191 0.7727275 0.236191 0.636364 0.157461 0.6818185 0.236191 0.5909095 0.236191 0.454546 0.157461 0.5000005 0.236191 0.4090915 0.236191 0.181819 0.314921 0.272728 0.314921 0.2272735 0.3936515 0 0.314921 0.09090948 0.314921 0.04545497 0.3936515 0.727273 0.314921 0.818182 0.314921 0.7727275 0.3936515 0.545455 0.314921 0.636364 0.314921 0.5909095 0.3936515 0.363637 0.314921 0.454546 0.314921 0.4090915 0.3936515 0.4090915 0.3936515 0.5000005 0.3936515 0.454546 0.472382 0.4090915 0.3936515 0.454546 0.314921 0.5000005 0.3936515 0.454546 0.314921 0.545455 0.314921 0.5000005 0.3936515 0.5909095 0.3936515 0.6818185 0.3936515 0.636364 0.472382 0.5909095 0.3936515 0.636364 0.314921 0.6818185 0.3936515 0.636364 0.314921 0.727273 0.314921 0.6818185 0.3936515 0.7727275 0.3936515 0.8636365 0.3936515 0.818182 0.472382 0.7727275 0.3936515 0.818182 0.314921 0.8636365 0.3936515 0.818182 0.314921 0.909091 0.314921 0.8636365 0.3936515 0.04545497 0.3936515 0.1363645 0.3936515 0.09090995 0.472382 0.04545497 0.3936515 0.09090948 0.314921 0.1363645 0.3936515 0.09090948 0.314921 0.181819 0.314921 0.1363645 0.3936515 0.2272735 0.3936515 0.3181825 0.3936515 0.272728 0.472382 0.2272735 0.3936515 0.272728 0.314921 0.3181825 0.3936515 0.272728 0.314921 0.363637 0.314921 0.3181825 0.3936515 0.4090915 0.236191 0.454546 0.314921 0.363637 0.314921 0.4090915 0.236191 0.5000005 0.236191 0.454546 0.314921 0.5000005 0.236191 0.545455 0.314921 0.454546 0.314921 0.5909095 0.236191 0.636364 0.314921 0.545455 0.314921 0.5909095 0.236191 0.6818185 0.236191 0.636364 0.314921 0.6818185 0.236191 0.727273 0.314921 0.636364 0.314921 0.7727275 0.236191 0.818182 0.314921 0.727273 0.314921 0.7727275 0.236191 0.8636365 0.236191 0.818182 0.314921 0.8636365 0.236191 0.909091 0.314921 0.818182 0.314921 0.04545497 0.236191 0.09090948 0.314921 0 0.314921 0.04545497 0.236191 0.1363645 0.236191 0.09090948 0.314921 0.1363645 0.236191 0.181819 0.314921 0.09090948 0.314921 0.2272735 0.236191 0.272728 0.314921 0.181819 0.314921 0.2272735 0.236191 0.3181825 0.236191 0.272728 0.314921 0.3181825 0.236191 0.363637 0.314921 0.272728 0.314921 0.5000005 0.236191 0.5909095 0.236191 0.545455 0.314921 0.5000005 0.236191 0.545455 0.157461 0.5909095 0.236191 0.545455 0.157461 0.636364 0.157461 0.5909095 0.236191 0.6818185 0.236191 0.7727275 0.236191 0.727273 0.314921 0.6818185 0.236191 0.727273 0.157461 0.7727275 0.236191 0.727273 0.157461 0.818182 0.157461 0.7727275 0.236191 0.8636365 0.236191 0.9545455 0.236191 0.909091 0.314921 0.8636365 0.236191 0.909091 0.157461 0.9545455 0.236191 0.909091 0.157461 1 0.157461 0.9545455 0.236191 0.1363645 0.236191 0.2272735 0.236191 0.181819 0.314921 0.1363645 0.236191 0.181819 0.157461 0.2272735 0.236191 0.181819 0.157461 0.272728 0.157461 0.2272735 0.236191 0.3181825 0.236191 0.4090915 0.236191 0.363637 0.314921 0.3181825 0.236191 0.363637 0.157461 0.4090915 0.236191 0.363637 0.157461 0.454546 0.157461 0.4090915 0.236191 0.5000005 0.07873046 0.545455 0.157461 0.454546 0.157461 0.5000005 0.07873046 0.5909095 0.07873046 0.545455 0.157461 0.5909095 0.07873046 0.636364 0.157461 0.545455 0.157461 0.6818185 0.07873046 0.727273 0.157461 0.636364 0.157461 0.6818185 0.07873046 0.7727275 0.07873046 0.727273 0.157461 0.7727275 0.07873046 0.818182 0.157461 0.727273 0.157461 0.8636365 0.07873046 0.909091 0.157461 0.818182 0.157461 0.8636365 0.07873046 0.9545455 0.07873046 0.909091 0.157461 0.9545455 0.07873046 1 0.157461 0.909091 0.157461 0.363637 0.157461 0.4090915 0.07873046 0.454546 0.157461 0.363637 0.157461 0.3181825 0.07873046 0.4090915 0.07873046 0.3181825 0.07873046 0.363637 0 0.4090915 0.07873046 0.1363645 0.07873046 0.181819 0.157461 0.09090995 0.157461 0.1363645 0.07873046 0.2272735 0.07873046 0.181819 0.157461 0.2272735 0.07873046 0.272728 0.157461 0.181819 0.157461</float_array>
          <technique_common>
            <accessor source="#Icosphere-mesh-map-0-array" count="3120" stride="2">
              <param name="S" type="float"/>
              <param name="T" type="float"/>
            </accessor>
          </technique_common>
        </source>
        <vertices id="Icosphere-mesh-vertices">
          <input semantic="POSITION" source="#Icosphere-mesh-positions"/>
        </vertices>
        <triangles material="lights-material" count="1040">
          <input semantic="VERTEX" source="#Icosphere-mesh-vertices" offset="0"/>
          <input semantic="NORMAL" source="#Icosphere-mesh-normals" offset="1"/>
          <input semantic="TEXCOORD" source="#Icosphere-mesh-map-0" offset="2" set="0"/>
          <p>0 0 0 13 0 1 12 0 2 1 1 3 13 1 4 15 1 5 0 2 6 12 2 7 17 2 8 0 3 9 17 3 10 19 3 11 0 4 12 19 4 13 16 4 14 1 5 15 15 5 16 22 5 17 2 6 18 14 6 19 24 6 20 3 7 21 18 7 22 26 7 23 4 8 24 20 8 25 28 8 26 5 9 27 21 9 28 30 9 29 1 10 30 22 10 31 25 10 32 2 11 33 24 11 34 27 11 35 3 12 36 26 12 37 29 12 38 4 13 39 28 13 40 31 13 41 5 14 42 30 14 43 23 14 44 6 15 45 32 15 46 37 15 47 7 16 48 33 16 49 39 16 50 8 17 51 34 17 52 40 17 53 9 18 54 35 18 55 41 18 56 10 19 57 36 19 58 38 19 59 38 20 60 41 20 61 11 20 62 38 21 63 36 21 64 41 21 65 36 22 66 9 22 67 41 22 68 41 23 69 40 23 70 11 23 71 41 24 72 35 24 73 40 24 74 35 25 75 8 25 76 40 25 77 40 26 78 39 26 79 11 26 80 40 27 81 34 27 82 39 27 83 34 28 84 7 28 85 39 28 86 39 29 87 37 29 88 11 29 89 39 30 90 33 30 91 37 30 92 33 31 93 6 31 94 37 31 95 37 32 96 38 32 97 11 32 98 37 33 99 32 33 100 38 33 101 32 34 102 10 34 103 38 34 104 23 35 105 36 35 106 10 35 107 23 36 108 30 36 109 36 36 110 30 37 111 9 37 112 36 37 113 31 38 114 35 38 115 9 38 116 31 39 117 28 39 118 35 39 119 28 40 120 8 40 121 35 40 122 29 41 123 34 41 124 8 41 125 29 42 126 26 42 127 34 42 128 26 43 129 7 43 130 34 43 131 27 44 132 33 44 133 7 44 134 27 45 135 24 45 136 33 45 137 24 46 138 6 46 139 33 46 140 25 47 141 32 47 142 6 47 143 25 48 144 22 48 145 32 48 146 22 49 147 10 49 148 32 49 149 30 50 150 31 50 151 9 50 152 30 51 153 21 51 154 31 51 155 21 52 156 4 52 157 31 52 158 28 53 159 29 53 160 8 53 161 28 54 162 20 54 163 29 54 164 20 55 165 3 55 166 29 55 167 26 56 168 27 56 169 7 56 170 26 57 171 18 57 172 27 57 173 18 58 174 2 58 175 27 58 176 24 59 177 25 59 178 6 59 179 24 60 180 14 60 181 25 60 182 14 61 183 1 61 184 25 61 185 22 62 186 23 62 187 10 62 188 22 63 189 15 63 190 23 63 191 15 64 192 5 64 193 23 64 194 16 65 195 21 65 196 5 65 197 16 66 198 19 66 199 21 66 200 19 67 201 4 67 202 21 67 203 19 68 204 20 68 205 4 68 206 19 69 207 17 69 208 20 69 209 17 70 210 3 70 211 20 70 212 17 71 213 18 71 214 3 71 215 17 72 216 12 72 217 18 72 218 12 73 219 2 73 220 18 73 221 15 74 222 16 74 223 5 74 224 15 75 225 13 75 226 16 75 227 13 76 228 0 76 229 16 76 230 12 77 231 14 77 232 2 77 233 12 78 234 13 78 235 14 78 236 13 79 237 1 79 238 14 79 239 42 80 240 55 80 241 54 80 242 43 81 243 55 81 244 57 81 245 42 82 246 54 82 247 59 82 248 42 83 249 59 83 250 61 83 251 42 84 252 61 84 253 58 84 254 43 85 255 57 85 256 64 85 257 44 86 258 56 86 259 66 86 260 45 87 261 60 87 262 68 87 263 46 88 264 62 88 265 70 88 266 47 89 267 63 89 268 72 89 269 43 90 270 64 90 271 67 90 272 44 91 273 66 91 274 69 91 275 45 92 276 68 92 277 71 92 278 46 93 279 70 93 280 73 93 281 47 94 282 72 94 283 65 94 284 48 95 285 74 95 286 79 95 287 49 96 288 75 96 289 81 96 290 50 97 291 76 97 292 82 97 293 51 98 294 77 98 295 83 98 296 52 99 297 78 99 298 80 99 299 80 100 300 83 100 301 53 100 302 80 101 303 78 101 304 83 101 305 78 102 306 51 102 307 83 102 308 83 103 309 82 103 310 53 103 311 83 104 312 77 104 313 82 104 314 77 105 315 50 105 316 82 105 317 82 106 318 81 106 319 53 106 320 82 107 321 76 107 322 81 107 323 76 108 324 49 108 325 81 108 326 81 109 327 79 109 328 53 109 329 81 110 330 75 110 331 79 110 332 75 111 333 48 111 334 79 111 335 79 112 336 80 112 337 53 112 338 79 113 339 74 113 340 80 113 341 74 114 342 52 114 343 80 114 344 65 115 345 78 115 346 52 115 347 65 116 348 72 116 349 78 116 350 72 117 351 51 117 352 78 117 353 73 118 354 77 118 355 51 118 356 73 119 357 70 119 358 77 119 359 70 120 360 50 120 361 77 120 362 71 121 363 76 121 364 50 121 365 71 122 366 68 122 367 76 122 368 68 123 369 49 123 370 76 123 371 69 124 372 75 124 373 49 124 374 69 125 375 66 125 376 75 125 377 66 126 378 48 126 379 75 126 380 67 127 381 74 127 382 48 127 383 67 128 384 64 128 385 74 128 386 64 129 387 52 129 388 74 129 389 72 130 390 73 130 391 51 130 392 72 131 393 63 131 394 73 131 395 63 132 396 46 132 397 73 132 398 70 133 399 71 133 400 50 133 401 70 134 402 62 134 403 71 134 404 62 135 405 45 135 406 71 135 407 68 136 408 69 136 409 49 136 410 68 137 411 60 137 412 69 137 413 60 138 414 44 138 415 69 138 416 66 139 417 67 139 418 48 139 419 66 140 420 56 140 421 67 140 422 56 141 423 43 141 424 67 141 425 64 142 426 65 142 427 52 142 428 64 143 429 57 143 430 65 143 431 57 144 432 47 144 433 65 144 434 58 145 435 63 145 436 47 145 437 58 146 438 61 146 439 63 146 440 61 147 441 46 147 442 63 147 443 61 148 444 62 148 445 46 148 446 61 149 447 59 149 448 62 149 449 59 150 450 45 150 451 62 150 452 59 151 453 60 151 454 45 151 455 59 152 456 54 152 457 60 152 458 54 153 459 44 153 460 60 153 461 57 154 462 58 154 463 47 154 464 57 155 465 55 155 466 58 155 467 55 156 468 42 156 469 58 156 470 54 157 471 56 157 472 44 157 473 54 158 474 55 158 475 56 158 476 55 159 477 43 159 478 56 159 479 84 160 480 97 160 481 96 160 482 85 161 483 97 161 484 99 161 485 84 162 486 96 162 487 101 162 488 84 163 489 101 163 490 103 163 491 84 164 492 103 164 493 100 164 494 85 165 495 99 165 496 106 165 497 86 166 498 98 166 499 108 166 500 87 167 501 102 167 502 110 167 503 88 168 504 104 168 505 112 168 506 89 169 507 105 169 508 114 169 509 85 170 510 106 170 511 109 170 512 86 171 513 108 171 514 111 171 515 87 172 516 110 172 517 113 172 518 88 173 519 112 173 520 115 173 521 89 174 522 114 174 523 107 174 524 90 175 525 116 175 526 121 175 527 91 176 528 117 176 529 123 176 530 92 177 531 118 177 532 124 177 533 93 178 534 119 178 535 125 178 536 94 179 537 120 179 538 122 179 539 122 180 540 125 180 541 95 180 542 122 181 543 120 181 544 125 181 545 120 182 546 93 182 547 125 182 548 125 183 549 124 183 550 95 183 551 125 184 552 119 184 553 124 184 554 119 185 555 92 185 556 124 185 557 124 186 558 123 186 559 95 186 560 124 187 561 118 187 562 123 187 563 118 188 564 91 188 565 123 188 566 123 189 567 121 189 568 95 189 569 123 190 570 117 190 571 121 190 572 117 191 573 90 191 574 121 191 575 121 192 576 122 192 577 95 192 578 121 193 579 116 193 580 122 193 581 116 194 582 94 194 583 122 194 584 107 195 585 120 195 586 94 195 587 107 196 588 114 196 589 120 196 590 114 197 591 93 197 592 120 197 593 115 198 594 119 198 595 93 198 596 115 199 597 112 199 598 119 199 599 112 200 600 92 200 601 119 200 602 113 201 603 118 201 604 92 201 605 113 202 606 110 202 607 118 202 608 110 203 609 91 203 610 118 203 611 111 204 612 117 204 613 91 204 614 111 205 615 108 205 616 117 205 617 108 206 618 90 206 619 117 206 620 109 207 621 116 207 622 90 207 623 109 208 624 106 208 625 116 208 626 106 209 627 94 209 628 116 209 629 114 210 630 115 210 631 93 210 632 114 211 633 105 211 634 115 211 635 105 212 636 88 212 637 115 212 638 112 213 639 113 213 640 92 213 641 112 214 642 104 214 643 113 214 644 104 215 645 87 215 646 113 215 647 110 216 648 111 216 649 91 216 650 110 217 651 102 217 652 111 217 653 102 218 654 86 218 655 111 218 656 108 219 657 109 219 658 90 219 659 108 220 660 98 220 661 109 220 662 98 221 663 85 221 664 109 221 665 106 222 666 107 222 667 94 222 668 106 223 669 99 223 670 107 223 671 99 224 672 89 224 673 107 224 674 100 225 675 105 225 676 89 225 677 100 226 678 103 226 679 105 226 680 103 227 681 88 227 682 105 227 683 103 228 684 104 228 685 88 228 686 103 229 687 101 229 688 104 229 689 101 230 690 87 230 691 104 230 692 101 231 693 102 231 694 87 231 695 101 232 696 96 232 697 102 232 698 96 233 699 86 233 700 102 233 701 99 234 702 100 234 703 89 234 704 99 235 705 97 235 706 100 235 707 97 236 708 84 236 709 100 236 710 96 237 711 98 237 712 86 237 713 96 238 714 97 238 715 98 238 716 97 239 717 85 239 718 98 239 719 126 240 720 139 240 721 138 240 722 127 241 723 139 241 724 141 241 725 126 242 726 138 242 727 143 242 728 126 243 729 143 243 730 145 243 731 126 244 732 145 244 733 142 244 734 127 245 735 141 245 736 148 245 737 128 246 738 140 246 739 150 246 740 129 247 741 144 247 742 152 247 743 130 248 744 146 248 745 154 248 746 131 249 747 147 249 748 156 249 749 127 250 750 148 250 751 151 250 752 128 251 753 150 251 754 153 251 755 129 252 756 152 252 757 155 252 758 130 253 759 154 253 760 157 253 761 131 254 762 156 254 763 149 254 764 132 255 765 158 255 766 163 255 767 133 256 768 159 256 769 165 256 770 134 257 771 160 257 772 166 257 773 135 258 774 161 258 775 167 258 776 136 259 777 162 259 778 164 259 779 164 260 780 167 260 781 137 260 782 164 261 783 162 261 784 167 261 785 162 262 786 135 262 787 167 262 788 167 263 789 166 263 790 137 263 791 167 264 792 161 264 793 166 264 794 161 265 795 134 265 796 166 265 797 166 266 798 165 266 799 137 266 800 166 267 801 160 267 802 165 267 803 160 268 804 133 268 805 165 268 806 165 269 807 163 269 808 137 269 809 165 270 810 159 270 811 163 270 812 159 271 813 132 271 814 163 271 815 163 272 816 164 272 817 137 272 818 163 273 819 158 273 820 164 273 821 158 274 822 136 274 823 164 274 824 149 275 825 162 275 826 136 275 827 149 276 828 156 276 829 162 276 830 156 277 831 135 277 832 162 277 833 157 278 834 161 278 835 135 278 836 157 279 837 154 279 838 161 279 839 154 280 840 134 280 841 161 280 842 155 281 843 160 281 844 134 281 845 155 282 846 152 282 847 160 282 848 152 283 849 133 283 850 160 283 851 153 284 852 159 284 853 133 284 854 153 285 855 150 285 856 159 285 857 150 286 858 132 286 859 159 286 860 151 287 861 158 287 862 132 287 863 151 288 864 148 288 865 158 288 866 148 289 867 136 289 868 158 289 869 156 290 870 157 290 871 135 290 872 156 291 873 147 291 874 157 291 875 147 292 876 130 292 877 157 292 878 154 293 879 155 293 880 134 293 881 154 294 882 146 294 883 155 294 884 146 295 885 129 295 886 155 295 887 152 296 888 153 296 889 133 296 890 152 297 891 144 297 892 153 297 893 144 298 894 128 298 895 153 298 896 150 299 897 151 299 898 132 299 899 150 300 900 140 300 901 151 300 902 140 301 903 127 301 904 151 301 905 148 302 906 149 302 907 136 302 908 148 303 909 141 303 910 149 303 911 141 304 912 131 304 913 149 304 914 142 305 915 147 305 916 131 305 917 142 306 918 145 306 919 147 306 920 145 307 921 130 307 922 147 307 923 145 308 924 146 308 925 130 308 926 145 309 927 143 309 928 146 309 929 143 310 930 129 310 931 146 310 932 143 311 933 144 311 934 129 311 935 143 312 936 138 312 937 144 312 938 138 313 939 128 313 940 144 313 941 141 314 942 142 314 943 131 314 944 141 315 945 139 315 946 142 315 947 139 316 948 126 316 949 142 316 950 138 317 951 140 317 952 128 317 953 138 318 954 139 318 955 140 318 956 139 319 957 127 319 958 140 319 959 168 320 960 181 320 961 180 320 962 169 321 963 181 321 964 183 321 965 168 322 966 180 322 967 185 322 968 168 323 969 185 323 970 187 323 971 168 324 972 187 324 973 184 324 974 169 325 975 183 325 976 190 325 977 170 326 978 182 326 979 192 326 980 171 327 981 186 327 982 194 327 983 172 328 984 188 328 985 196 328 986 173 329 987 189 329 988 198 329 989 169 330 990 190 330 991 193 330 992 170 331 993 192 331 994 195 331 995 171 332 996 194 332 997 197 332 998 172 333 999 196 333 1000 199 333 1001 173 334 1002 198 334 1003 191 334 1004 174 335 1005 200 335 1006 205 335 1007 175 336 1008 201 336 1009 207 336 1010 176 337 1011 202 337 1012 208 337 1013 177 338 1014 203 338 1015 209 338 1016 178 339 1017 204 339 1018 206 339 1019 206 340 1020 209 340 1021 179 340 1022 206 341 1023 204 341 1024 209 341 1025 204 342 1026 177 342 1027 209 342 1028 209 343 1029 208 343 1030 179 343 1031 209 344 1032 203 344 1033 208 344 1034 203 345 1035 176 345 1036 208 345 1037 208 266 1038 207 266 1039 179 266 1040 208 346 1041 202 346 1042 207 346 1043 202 347 1044 175 347 1045 207 347 1046 207 348 1047 205 348 1048 179 348 1049 207 349 1050 201 349 1051 205 349 1052 201 350 1053 174 350 1054 205 350 1055 205 351 1056 206 351 1057 179 351 1058 205 352 1059 200 352 1060 206 352 1061 200 353 1062 178 353 1063 206 353 1064 191 354 1065 204 354 1066 178 354 1067 191 355 1068 198 355 1069 204 355 1070 198 356 1071 177 356 1072 204 356 1073 199 357 1074 203 357 1075 177 357 1076 199 358 1077 196 358 1078 203 358 1079 196 359 1080 176 359 1081 203 359 1082 197 360 1083 202 360 1084 176 360 1085 197 361 1086 194 361 1087 202 361 1088 194 362 1089 175 362 1090 202 362 1091 195 363 1092 201 363 1093 175 363 1094 195 364 1095 192 364 1096 201 364 1097 192 365 1098 174 365 1099 201 365 1100 193 366 1101 200 366 1102 174 366 1103 193 367 1104 190 367 1105 200 367 1106 190 368 1107 178 368 1108 200 368 1109 198 369 1110 199 369 1111 177 369 1112 198 370 1113 189 370 1114 199 370 1115 189 371 1116 172 371 1117 199 371 1118 196 372 1119 197 372 1120 176 372 1121 196 373 1122 188 373 1123 197 373 1124 188 374 1125 171 374 1126 197 374 1127 194 375 1128 195 375 1129 175 375 1130 194 376 1131 186 376 1132 195 376 1133 186 377 1134 170 377 1135 195 377 1136 192 378 1137 193 378 1138 174 378 1139 192 379 1140 182 379 1141 193 379 1142 182 380 1143 169 380 1144 193 380 1145 190 381 1146 191 381 1147 178 381 1148 190 382 1149 183 382 1150 191 382 1151 183 383 1152 173 383 1153 191 383 1154 184 384 1155 189 384 1156 173 384 1157 184 385 1158 187 385 1159 189 385 1160 187 386 1161 172 386 1162 189 386 1163 187 387 1164 188 387 1165 172 387 1166 187 388 1167 185 388 1168 188 388 1169 185 389 1170 171 389 1171 188 389 1172 185 390 1173 186 390 1174 171 390 1175 185 391 1176 180 391 1177 186 391 1178 180 392 1179 170 392 1180 186 392 1181 183 393 1182 184 393 1183 173 393 1184 183 315 1185 181 315 1186 184 315 1187 181 316 1188 168 316 1189 184 316 1190 180 394 1191 182 394 1192 170 394 1193 180 395 1194 181 395 1195 182 395 1196 181 396 1197 169 396 1198 182 396 1199 210 397 1200 223 397 1201 222 397 1202 211 398 1203 223 398 1204 225 398 1205 210 399 1206 222 399 1207 227 399 1208 210 400 1209 227 400 1210 229 400 1211 210 401 1212 229 401 1213 226 401 1214 211 402 1215 225 402 1216 232 402 1217 212 403 1218 224 403 1219 234 403 1220 213 404 1221 228 404 1222 236 404 1223 214 405 1224 230 405 1225 238 405 1226 215 406 1227 231 406 1228 240 406 1229 211 407 1230 232 407 1231 235 407 1232 212 408 1233 234 408 1234 237 408 1235 213 409 1236 236 409 1237 239 409 1238 214 410 1239 238 410 1240 241 410 1241 215 411 1242 240 411 1243 233 411 1244 216 412 1245 242 412 1246 247 412 1247 217 413 1248 243 413 1249 249 413 1250 218 414 1251 244 414 1252 250 414 1253 219 415 1254 245 415 1255 251 415 1256 220 416 1257 246 416 1258 248 416 1259 248 417 1260 251 417 1261 221 417 1262 248 418 1263 246 418 1264 251 418 1265 246 419 1266 219 419 1267 251 419 1268 251 420 1269 250 420 1270 221 420 1271 251 421 1272 245 421 1273 250 421 1274 245 422 1275 218 422 1276 250 422 1277 250 423 1278 249 423 1279 221 423 1280 250 424 1281 244 424 1282 249 424 1283 244 425 1284 217 425 1285 249 425 1286 249 426 1287 247 426 1288 221 426 1289 249 427 1290 243 427 1291 247 427 1292 243 428 1293 216 428 1294 247 428 1295 247 429 1296 248 429 1297 221 429 1298 247 430 1299 242 430 1300 248 430 1301 242 431 1302 220 431 1303 248 431 1304 233 432 1305 246 432 1306 220 432 1307 233 433 1308 240 433 1309 246 433 1310 240 434 1311 219 434 1312 246 434 1313 241 435 1314 245 435 1315 219 435 1316 241 436 1317 238 436 1318 245 436 1319 238 437 1320 218 437 1321 245 437 1322 239 438 1323 244 438 1324 218 438 1325 239 439 1326 236 439 1327 244 439 1328 236 440 1329 217 440 1330 244 440 1331 237 441 1332 243 441 1333 217 441 1334 237 442 1335 234 442 1336 243 442 1337 234 443 1338 216 443 1339 243 443 1340 235 444 1341 242 444 1342 216 444 1343 235 445 1344 232 445 1345 242 445 1346 232 446 1347 220 446 1348 242 446 1349 240 447 1350 241 447 1351 219 447 1352 240 448 1353 231 448 1354 241 448 1355 231 449 1356 214 449 1357 241 449 1358 238 450 1359 239 450 1360 218 450 1361 238 451 1362 230 451 1363 239 451 1364 230 452 1365 213 452 1366 239 452 1367 236 453 1368 237 453 1369 217 453 1370 236 454 1371 228 454 1372 237 454 1373 228 455 1374 212 455 1375 237 455 1376 234 456 1377 235 456 1378 216 456 1379 234 457 1380 224 457 1381 235 457 1382 224 458 1383 211 458 1384 235 458 1385 232 459 1386 233 459 1387 220 459 1388 232 460 1389 225 460 1390 233 460 1391 225 461 1392 215 461 1393 233 461 1394 226 462 1395 231 462 1396 215 462 1397 226 463 1398 229 463 1399 231 463 1400 229 464 1401 214 464 1402 231 464 1403 229 465 1404 230 465 1405 214 465 1406 229 466 1407 227 466 1408 230 466 1409 227 467 1410 213 467 1411 230 467 1412 227 468 1413 228 468 1414 213 468 1415 227 469 1416 222 469 1417 228 469 1418 222 470 1419 212 470 1420 228 470 1421 225 471 1422 226 471 1423 215 471 1424 225 472 1425 223 472 1426 226 472 1427 223 473 1428 210 473 1429 226 473 1430 222 474 1431 224 474 1432 212 474 1433 222 475 1434 223 475 1435 224 475 1436 223 476 1437 211 476 1438 224 476 1439 252 477 1440 265 477 1441 264 477 1442 253 478 1443 265 478 1444 267 478 1445 252 479 1446 264 479 1447 269 479 1448 252 480 1449 269 480 1450 271 480 1451 252 481 1452 271 481 1453 268 481 1454 253 482 1455 267 482 1456 274 482 1457 254 483 1458 266 483 1459 276 483 1460 255 484 1461 270 484 1462 278 484 1463 256 485 1464 272 485 1465 280 485 1466 257 486 1467 273 486 1468 282 486 1469 253 487 1470 274 487 1471 277 487 1472 254 488 1473 276 488 1474 279 488 1475 255 489 1476 278 489 1477 281 489 1478 256 490 1479 280 490 1480 283 490 1481 257 491 1482 282 491 1483 275 491 1484 258 492 1485 284 492 1486 289 492 1487 259 493 1488 285 493 1489 291 493 1490 260 494 1491 286 494 1492 292 494 1493 261 495 1494 287 495 1495 293 495 1496 262 496 1497 288 496 1498 290 496 1499 290 497 1500 293 497 1501 263 497 1502 290 498 1503 288 498 1504 293 498 1505 288 499 1506 261 499 1507 293 499 1508 293 500 1509 292 500 1510 263 500 1511 293 501 1512 287 501 1513 292 501 1514 287 502 1515 260 502 1516 292 502 1517 292 503 1518 291 503 1519 263 503 1520 292 504 1521 286 504 1522 291 504 1523 286 505 1524 259 505 1525 291 505 1526 291 506 1527 289 506 1528 263 506 1529 291 507 1530 285 507 1531 289 507 1532 285 508 1533 258 508 1534 289 508 1535 289 509 1536 290 509 1537 263 509 1538 289 510 1539 284 510 1540 290 510 1541 284 511 1542 262 511 1543 290 511 1544 275 512 1545 288 512 1546 262 512 1547 275 513 1548 282 513 1549 288 513 1550 282 514 1551 261 514 1552 288 514 1553 283 515 1554 287 515 1555 261 515 1556 283 516 1557 280 516 1558 287 516 1559 280 517 1560 260 517 1561 287 517 1562 281 518 1563 286 518 1564 260 518 1565 281 519 1566 278 519 1567 286 519 1568 278 520 1569 259 520 1570 286 520 1571 279 521 1572 285 521 1573 259 521 1574 279 522 1575 276 522 1576 285 522 1577 276 523 1578 258 523 1579 285 523 1580 277 524 1581 284 524 1582 258 524 1583 277 525 1584 274 525 1585 284 525 1586 274 526 1587 262 526 1588 284 526 1589 282 527 1590 283 527 1591 261 527 1592 282 528 1593 273 528 1594 283 528 1595 273 529 1596 256 529 1597 283 529 1598 280 530 1599 281 530 1600 260 530 1601 280 531 1602 272 531 1603 281 531 1604 272 532 1605 255 532 1606 281 532 1607 278 533 1608 279 533 1609 259 533 1610 278 534 1611 270 534 1612 279 534 1613 270 535 1614 254 535 1615 279 535 1616 276 536 1617 277 536 1618 258 536 1619 276 537 1620 266 537 1621 277 537 1622 266 538 1623 253 538 1624 277 538 1625 274 539 1626 275 539 1627 262 539 1628 274 540 1629 267 540 1630 275 540 1631 267 541 1632 257 541 1633 275 541 1634 268 542 1635 273 542 1636 257 542 1637 268 543 1638 271 543 1639 273 543 1640 271 544 1641 256 544 1642 273 544 1643 271 545 1644 272 545 1645 256 545 1646 271 546 1647 269 546 1648 272 546 1649 269 547 1650 255 547 1651 272 547 1652 269 548 1653 270 548 1654 255 548 1655 269 549 1656 264 549 1657 270 549 1658 264 550 1659 254 550 1660 270 550 1661 267 551 1662 268 551 1663 257 551 1664 267 552 1665 265 552 1666 268 552 1667 265 553 1668 252 553 1669 268 553 1670 264 554 1671 266 554 1672 254 554 1673 264 555 1674 265 555 1675 266 555 1676 265 556 1677 253 556 1678 266 556 1679 294 557 1680 307 557 1681 306 557 1682 295 558 1683 307 558 1684 309 558 1685 294 559 1686 306 559 1687 311 559 1688 294 560 1689 311 560 1690 313 560 1691 294 561 1692 313 561 1693 310 561 1694 295 562 1695 309 562 1696 316 562 1697 296 563 1698 308 563 1699 318 563 1700 297 564 1701 312 564 1702 320 564 1703 298 565 1704 314 565 1705 322 565 1706 299 566 1707 315 566 1708 324 566 1709 295 567 1710 316 567 1711 319 567 1712 296 568 1713 318 568 1714 321 568 1715 297 569 1716 320 569 1717 323 569 1718 298 570 1719 322 570 1720 325 570 1721 299 571 1722 324 571 1723 317 571 1724 300 572 1725 326 572 1726 331 572 1727 301 573 1728 327 573 1729 333 573 1730 302 574 1731 328 574 1732 334 574 1733 303 575 1734 329 575 1735 335 575 1736 304 576 1737 330 576 1738 332 576 1739 332 577 1740 335 577 1741 305 577 1742 332 578 1743 330 578 1744 335 578 1745 330 579 1746 303 579 1747 335 579 1748 335 580 1749 334 580 1750 305 580 1751 335 581 1752 329 581 1753 334 581 1754 329 582 1755 302 582 1756 334 582 1757 334 583 1758 333 583 1759 305 583 1760 334 584 1761 328 584 1762 333 584 1763 328 585 1764 301 585 1765 333 585 1766 333 586 1767 331 586 1768 305 586 1769 333 587 1770 327 587 1771 331 587 1772 327 588 1773 300 588 1774 331 588 1775 331 589 1776 332 589 1777 305 589 1778 331 590 1779 326 590 1780 332 590 1781 326 591 1782 304 591 1783 332 591 1784 317 592 1785 330 592 1786 304 592 1787 317 593 1788 324 593 1789 330 593 1790 324 594 1791 303 594 1792 330 594 1793 325 595 1794 329 595 1795 303 595 1796 325 596 1797 322 596 1798 329 596 1799 322 597 1800 302 597 1801 329 597 1802 323 598 1803 328 598 1804 302 598 1805 323 599 1806 320 599 1807 328 599 1808 320 600 1809 301 600 1810 328 600 1811 321 601 1812 327 601 1813 301 601 1814 321 602 1815 318 602 1816 327 602 1817 318 603 1818 300 603 1819 327 603 1820 319 604 1821 326 604 1822 300 604 1823 319 605 1824 316 605 1825 326 605 1826 316 606 1827 304 606 1828 326 606 1829 324 607 1830 325 607 1831 303 607 1832 324 608 1833 315 608 1834 325 608 1835 315 609 1836 298 609 1837 325 609 1838 322 610 1839 323 610 1840 302 610 1841 322 611 1842 314 611 1843 323 611 1844 314 612 1845 297 612 1846 323 612 1847 320 613 1848 321 613 1849 301 613 1850 320 614 1851 312 614 1852 321 614 1853 312 615 1854 296 615 1855 321 615 1856 318 616 1857 319 616 1858 300 616 1859 318 617 1860 308 617 1861 319 617 1862 308 618 1863 295 618 1864 319 618 1865 316 619 1866 317 619 1867 304 619 1868 316 620 1869 309 620 1870 317 620 1871 309 621 1872 299 621 1873 317 621 1874 310 622 1875 315 622 1876 299 622 1877 310 623 1878 313 623 1879 315 623 1880 313 624 1881 298 624 1882 315 624 1883 313 625 1884 314 625 1885 298 625 1886 313 626 1887 311 626 1888 314 626 1889 311 627 1890 297 627 1891 314 627 1892 311 628 1893 312 628 1894 297 628 1895 311 629 1896 306 629 1897 312 629 1898 306 630 1899 296 630 1900 312 630 1901 309 631 1902 310 631 1903 299 631 1904 309 632 1905 307 632 1906 310 632 1907 307 633 1908 294 633 1909 310 633 1910 306 634 1911 308 634 1912 296 634 1913 306 635 1914 307 635 1915 308 635 1916 307 636 1917 295 636 1918 308 636 1919 336 637 1920 349 637 1921 348 637 1922 337 638 1923 349 638 1924 351 638 1925 336 639 1926 348 639 1927 353 639 1928 336 640 1929 353 640 1930 355 640 1931 336 641 1932 355 641 1933 352 641 1934 337 642 1935 351 642 1936 358 642 1937 338 643 1938 350 643 1939 360 643 1940 339 644 1941 354 644 1942 362 644 1943 340 645 1944 356 645 1945 364 645 1946 341 646 1947 357 646 1948 366 646 1949 337 647 1950 358 647 1951 361 647 1952 338 648 1953 360 648 1954 363 648 1955 339 649 1956 362 649 1957 365 649 1958 340 650 1959 364 650 1960 367 650 1961 341 651 1962 366 651 1963 359 651 1964 342 652 1965 368 652 1966 373 652 1967 343 653 1968 369 653 1969 375 653 1970 344 654 1971 370 654 1972 376 654 1973 345 655 1974 371 655 1975 377 655 1976 346 656 1977 372 656 1978 374 656 1979 374 657 1980 377 657 1981 347 657 1982 374 658 1983 372 658 1984 377 658 1985 372 659 1986 345 659 1987 377 659 1988 377 660 1989 376 660 1990 347 660 1991 377 661 1992 371 661 1993 376 661 1994 371 662 1995 344 662 1996 376 662 1997 376 423 1998 375 423 1999 347 423 2000 376 663 2001 370 663 2002 375 663 2003 370 664 2004 343 664 2005 375 664 2006 375 665 2007 373 665 2008 347 665 2009 375 666 2010 369 666 2011 373 666 2012 369 667 2013 342 667 2014 373 667 2015 373 668 2016 374 668 2017 347 668 2018 373 669 2019 368 669 2020 374 669 2021 368 670 2022 346 670 2023 374 670 2024 359 671 2025 372 671 2026 346 671 2027 359 672 2028 366 672 2029 372 672 2030 366 673 2031 345 673 2032 372 673 2033 367 674 2034 371 674 2035 345 674 2036 367 675 2037 364 675 2038 371 675 2039 364 676 2040 344 676 2041 371 676 2042 365 677 2043 370 677 2044 344 677 2045 365 678 2046 362 678 2047 370 678 2048 362 679 2049 343 679 2050 370 679 2051 363 680 2052 369 680 2053 343 680 2054 363 681 2055 360 681 2056 369 681 2057 360 682 2058 342 682 2059 369 682 2060 361 683 2061 368 683 2062 342 683 2063 361 684 2064 358 684 2065 368 684 2066 358 685 2067 346 685 2068 368 685 2069 366 686 2070 367 686 2071 345 686 2072 366 687 2073 357 687 2074 367 687 2075 357 688 2076 340 688 2077 367 688 2078 364 689 2079 365 689 2080 344 689 2081 364 690 2082 356 690 2083 365 690 2084 356 691 2085 339 691 2086 365 691 2087 362 692 2088 363 692 2089 343 692 2090 362 693 2091 354 693 2092 363 693 2093 354 694 2094 338 694 2095 363 694 2096 360 695 2097 361 695 2098 342 695 2099 360 696 2100 350 696 2101 361 696 2102 350 697 2103 337 697 2104 361 697 2105 358 698 2106 359 698 2107 346 698 2108 358 699 2109 351 699 2110 359 699 2111 351 700 2112 341 700 2113 359 700 2114 352 701 2115 357 701 2116 341 701 2117 352 702 2118 355 702 2119 357 702 2120 355 703 2121 340 703 2122 357 703 2123 355 704 2124 356 704 2125 340 704 2126 355 705 2127 353 705 2128 356 705 2129 353 706 2130 339 706 2131 356 706 2132 353 707 2133 354 707 2134 339 707 2135 353 708 2136 348 708 2137 354 708 2138 348 709 2139 338 709 2140 354 709 2141 351 710 2142 352 710 2143 341 710 2144 351 711 2145 349 711 2146 352 711 2147 349 473 2148 336 473 2149 352 473 2150 348 712 2151 350 712 2152 338 712 2153 348 713 2154 349 713 2155 350 713 2156 349 714 2157 337 714 2158 350 714 2159 378 715 2160 391 715 2161 390 715 2162 379 716 2163 391 716 2164 393 716 2165 378 717 2166 390 717 2167 395 717 2168 378 718 2169 395 718 2170 397 718 2171 378 719 2172 397 719 2173 394 719 2174 379 720 2175 393 720 2176 400 720 2177 380 483 2178 392 483 2179 402 483 2180 381 721 2181 396 721 2182 404 721 2183 382 722 2184 398 722 2185 406 722 2186 383 723 2187 399 723 2188 408 723 2189 379 724 2190 400 724 2191 403 724 2192 380 725 2193 402 725 2194 405 725 2195 381 726 2196 404 726 2197 407 726 2198 382 727 2199 406 727 2200 409 727 2201 383 728 2202 408 728 2203 401 728 2204 384 729 2205 410 729 2206 415 729 2207 385 730 2208 411 730 2209 417 730 2210 386 731 2211 412 731 2212 418 731 2213 387 732 2214 413 732 2215 419 732 2216 388 733 2217 414 733 2218 416 733 2219 416 734 2220 419 734 2221 389 734 2222 416 735 2223 414 735 2224 419 735 2225 414 736 2226 387 736 2227 419 736 2228 419 737 2229 418 737 2230 389 737 2231 419 738 2232 413 738 2233 418 738 2234 413 739 2235 386 739 2236 418 739 2237 418 740 2238 417 740 2239 389 740 2240 418 741 2241 412 741 2242 417 741 2243 412 742 2244 385 742 2245 417 742 2246 417 743 2247 415 743 2248 389 743 2249 417 744 2250 411 744 2251 415 744 2252 411 745 2253 384 745 2254 415 745 2255 415 746 2256 416 746 2257 389 746 2258 415 747 2259 410 747 2260 416 747 2261 410 748 2262 388 748 2263 416 748 2264 401 749 2265 414 749 2266 388 749 2267 401 750 2268 408 750 2269 414 750 2270 408 751 2271 387 751 2272 414 751 2273 409 752 2274 413 752 2275 387 752 2276 409 753 2277 406 753 2278 413 753 2279 406 754 2280 386 754 2281 413 754 2282 407 755 2283 412 755 2284 386 755 2285 407 678 2286 404 678 2287 412 678 2288 404 756 2289 385 756 2290 412 756 2291 405 757 2292 411 757 2293 385 757 2294 405 758 2295 402 758 2296 411 758 2297 402 759 2298 384 759 2299 411 759 2300 403 760 2301 410 760 2302 384 760 2303 403 761 2304 400 761 2305 410 761 2306 400 762 2307 388 762 2308 410 762 2309 408 763 2310 409 763 2311 387 763 2312 408 764 2313 399 764 2314 409 764 2315 399 765 2316 382 765 2317 409 765 2318 406 766 2319 407 766 2320 386 766 2321 406 767 2322 398 767 2323 407 767 2324 398 768 2325 381 768 2326 407 768 2327 404 769 2328 405 769 2329 385 769 2330 404 770 2331 396 770 2332 405 770 2333 396 771 2334 380 771 2335 405 771 2336 402 772 2337 403 772 2338 384 772 2339 402 773 2340 392 773 2341 403 773 2342 392 774 2343 379 774 2344 403 774 2345 400 775 2346 401 775 2347 388 775 2348 400 776 2349 393 776 2350 401 776 2351 393 777 2352 383 777 2353 401 777 2354 394 778 2355 399 778 2356 383 778 2357 394 779 2358 397 779 2359 399 779 2360 397 780 2361 382 780 2362 399 780 2363 397 781 2364 398 781 2365 382 781 2366 397 782 2367 395 782 2368 398 782 2369 395 783 2370 381 783 2371 398 783 2372 395 784 2373 396 784 2374 381 784 2375 395 785 2376 390 785 2377 396 785 2378 390 786 2379 380 786 2380 396 786 2381 393 787 2382 394 787 2383 383 787 2384 393 788 2385 391 788 2386 394 788 2387 391 473 2388 378 473 2389 394 473 2390 390 789 2391 392 789 2392 380 789 2393 390 790 2394 391 790 2395 392 790 2396 391 791 2397 379 791 2398 392 791 2399 420 715 2400 433 715 2401 432 715 2402 421 792 2403 433 792 2404 435 792 2405 420 793 2406 432 793 2407 437 793 2408 420 794 2409 437 794 2410 439 794 2411 420 795 2412 439 795 2413 436 795 2414 421 796 2415 435 796 2416 442 796 2417 422 797 2418 434 797 2419 444 797 2420 423 798 2421 438 798 2422 446 798 2423 424 799 2424 440 799 2425 448 799 2426 425 800 2427 441 800 2428 450 800 2429 421 801 2430 442 801 2431 445 801 2432 422 802 2433 444 802 2434 447 802 2435 423 803 2436 446 803 2437 449 803 2438 424 804 2439 448 804 2440 451 804 2441 425 805 2442 450 805 2443 443 805 2444 426 806 2445 452 806 2446 457 806 2447 427 807 2448 453 807 2449 459 807 2450 428 494 2451 454 494 2452 460 494 2453 429 808 2454 455 808 2455 461 808 2456 430 809 2457 456 809 2458 458 809 2459 458 810 2460 461 810 2461 431 810 2462 458 811 2463 456 811 2464 461 811 2465 456 812 2466 429 812 2467 461 812 2468 461 813 2469 460 813 2470 431 813 2471 461 814 2472 455 814 2473 460 814 2474 455 815 2475 428 815 2476 460 815 2477 460 816 2478 459 816 2479 431 816 2480 460 817 2481 454 817 2482 459 817 2483 454 818 2484 427 818 2485 459 818 2486 459 819 2487 457 819 2488 431 819 2489 459 820 2490 453 820 2491 457 820 2492 453 821 2493 426 821 2494 457 821 2495 457 822 2496 458 822 2497 431 822 2498 457 823 2499 452 823 2500 458 823 2501 452 824 2502 430 824 2503 458 824 2504 443 825 2505 456 825 2506 430 825 2507 443 826 2508 450 826 2509 456 826 2510 450 827 2511 429 827 2512 456 827 2513 451 828 2514 455 828 2515 429 828 2516 451 829 2517 448 829 2518 455 829 2519 448 830 2520 428 830 2521 455 830 2522 449 831 2523 454 831 2524 428 831 2525 449 832 2526 446 832 2527 454 832 2528 446 833 2529 427 833 2530 454 833 2531 447 834 2532 453 834 2533 427 834 2534 447 835 2535 444 835 2536 453 835 2537 444 836 2538 426 836 2539 453 836 2540 445 837 2541 452 837 2542 426 837 2543 445 838 2544 442 838 2545 452 838 2546 442 839 2547 430 839 2548 452 839 2549 450 840 2550 451 840 2551 429 840 2552 450 841 2553 441 841 2554 451 841 2555 441 765 2556 424 765 2557 451 765 2558 448 842 2559 449 842 2560 428 842 2561 448 843 2562 440 843 2563 449 843 2564 440 844 2565 423 844 2566 449 844 2567 446 845 2568 447 845 2569 427 845 2570 446 846 2571 438 846 2572 447 846 2573 438 847 2574 422 847 2575 447 847 2576 444 848 2577 445 848 2578 426 848 2579 444 849 2580 434 849 2581 445 849 2582 434 850 2583 421 850 2584 445 850 2585 442 851 2586 443 851 2587 430 851 2588 442 852 2589 435 852 2590 443 852 2591 435 853 2592 425 853 2593 443 853 2594 436 854 2595 441 854 2596 425 854 2597 436 855 2598 439 855 2599 441 855 2600 439 856 2601 424 856 2602 441 856 2603 439 857 2604 440 857 2605 424 857 2606 439 858 2607 437 858 2608 440 858 2609 437 859 2610 423 859 2611 440 859 2612 437 860 2613 438 860 2614 423 860 2615 437 861 2616 432 861 2617 438 861 2618 432 862 2619 422 862 2620 438 862 2621 435 863 2622 436 863 2623 425 863 2624 435 864 2625 433 864 2626 436 864 2627 433 865 2628 420 865 2629 436 865 2630 432 866 2631 434 866 2632 422 866 2633 432 867 2634 433 867 2635 434 867 2636 433 868 2637 421 868 2638 434 868 2639 462 869 2640 475 869 2641 474 869 2642 463 870 2643 475 870 2644 477 870 2645 462 871 2646 474 871 2647 479 871 2648 462 872 2649 479 872 2650 481 872 2651 462 873 2652 481 873 2653 478 873 2654 463 874 2655 477 874 2656 484 874 2657 464 875 2658 476 875 2659 486 875 2660 465 876 2661 480 876 2662 488 876 2663 466 877 2664 482 877 2665 490 877 2666 467 878 2667 483 878 2668 492 878 2669 463 487 2670 484 487 2671 487 487 2672 464 251 2673 486 251 2674 489 251 2675 465 172 2676 488 172 2677 491 172 2678 466 879 2679 490 879 2680 493 879 2681 467 880 2682 492 880 2683 485 880 2684 468 881 2685 494 881 2686 499 881 2687 469 882 2688 495 882 2689 501 882 2690 470 883 2691 496 883 2692 502 883 2693 471 884 2694 497 884 2695 503 884 2696 472 885 2697 498 885 2698 500 885 2699 500 886 2700 503 886 2701 473 886 2702 500 887 2703 498 887 2704 503 887 2705 498 888 2706 471 888 2707 503 888 2708 503 889 2709 502 889 2710 473 889 2711 503 890 2712 497 890 2713 502 890 2714 497 891 2715 470 891 2716 502 891 2717 502 892 2718 501 892 2719 473 892 2720 502 424 2721 496 424 2722 501 424 2723 496 505 2724 469 505 2725 501 505 2726 501 893 2727 499 893 2728 473 893 2729 501 894 2730 495 894 2731 499 894 2732 495 895 2733 468 895 2734 499 895 2735 499 896 2736 500 896 2737 473 896 2738 499 897 2739 494 897 2740 500 897 2741 494 898 2742 472 898 2743 500 898 2744 485 899 2745 498 899 2746 472 899 2747 485 900 2748 492 900 2749 498 900 2750 492 901 2751 471 901 2752 498 901 2753 493 902 2754 497 902 2755 471 902 2756 493 903 2757 490 903 2758 497 903 2759 490 517 2760 470 517 2761 497 517 2762 491 904 2763 496 904 2764 470 904 2765 491 905 2766 488 905 2767 496 905 2768 488 906 2769 469 906 2770 496 906 2771 489 907 2772 495 907 2773 469 907 2774 489 908 2775 486 908 2776 495 908 2777 486 909 2778 468 909 2779 495 909 2780 487 910 2781 494 910 2782 468 910 2783 487 684 2784 484 684 2785 494 684 2786 484 911 2787 472 911 2788 494 911 2789 492 912 2790 493 912 2791 471 912 2792 492 913 2793 483 913 2794 493 913 2795 483 914 2796 466 914 2797 493 914 2798 490 915 2799 491 915 2800 470 915 2801 490 916 2802 482 916 2803 491 916 2804 482 917 2805 465 917 2806 491 917 2807 488 918 2808 489 918 2809 469 918 2810 488 919 2811 480 919 2812 489 919 2813 480 920 2814 464 920 2815 489 920 2816 486 921 2817 487 921 2818 468 921 2819 486 922 2820 476 922 2821 487 922 2822 476 923 2823 463 923 2824 487 923 2825 484 924 2826 485 924 2827 472 924 2828 484 925 2829 477 925 2830 485 925 2831 477 926 2832 467 926 2833 485 926 2834 478 927 2835 483 927 2836 467 927 2837 478 928 2838 481 928 2839 483 928 2840 481 929 2841 466 929 2842 483 929 2843 481 930 2844 482 930 2845 466 930 2846 481 931 2847 479 931 2848 482 931 2849 479 932 2850 465 932 2851 482 932 2852 479 933 2853 480 933 2854 465 933 2855 479 934 2856 474 934 2857 480 934 2858 474 935 2859 464 935 2860 480 935 2861 477 936 2862 478 936 2863 467 936 2864 477 937 2865 475 937 2866 478 937 2867 475 473 2868 462 473 2869 478 473 2870 474 938 2871 476 938 2872 464 938 2873 474 939 2874 475 939 2875 476 939 2876 475 940 2877 463 940 2878 476 940 2879 504 941 2880 517 941 2881 516 941 2882 505 942 2883 517 942 2884 519 942 2885 504 943 2886 516 943 2887 521 943 2888 504 944 2889 521 944 2890 523 944 2891 504 945 2892 523 945 2893 520 945 2894 505 946 2895 519 946 2896 526 946 2897 506 947 2898 518 947 2899 528 947 2900 507 948 2901 522 948 2902 530 948 2903 508 949 2904 524 949 2905 532 949 2906 509 950 2907 525 950 2908 534 950 2909 505 951 2910 526 951 2911 529 951 2912 506 952 2913 528 952 2914 531 952 2915 507 953 2916 530 953 2917 533 953 2918 508 954 2919 532 954 2920 535 954 2921 509 955 2922 534 955 2923 527 955 2924 510 956 2925 536 956 2926 541 956 2927 511 957 2928 537 957 2929 543 957 2930 512 958 2931 538 958 2932 544 958 2933 513 959 2934 539 959 2935 545 959 2936 514 960 2937 540 960 2938 542 960 2939 542 961 2940 545 961 2941 515 961 2942 542 962 2943 540 962 2944 545 962 2945 540 963 2946 513 963 2947 545 963 2948 545 964 2949 544 964 2950 515 964 2951 545 965 2952 539 965 2953 544 965 2954 539 966 2955 512 966 2956 544 966 2957 544 967 2958 543 967 2959 515 967 2960 544 968 2961 538 968 2962 543 968 2963 538 969 2964 511 969 2965 543 969 2966 543 970 2967 541 970 2968 515 970 2969 543 894 2970 537 894 2971 541 894 2972 537 971 2973 510 971 2974 541 971 2975 541 972 2976 542 972 2977 515 972 2978 541 973 2979 536 973 2980 542 973 2981 536 974 2982 514 974 2983 542 974 2984 527 975 2985 540 975 2986 514 975 2987 527 976 2988 534 976 2989 540 976 2990 534 977 2991 513 977 2992 540 977 2993 535 978 2994 539 978 2995 513 978 2996 535 979 2997 532 979 2998 539 979 2999 532 980 3000 512 980 3001 539 980 3002 533 981 3003 538 981 3004 512 981 3005 533 982 3006 530 982 3007 538 982 3008 530 983 3009 511 983 3010 538 983 3011 531 984 3012 537 984 3013 511 984 3014 531 985 3015 528 985 3016 537 985 3017 528 986 3018 510 986 3019 537 986 3020 529 987 3021 536 987 3022 510 987 3023 529 988 3024 526 988 3025 536 988 3026 526 989 3027 514 989 3028 536 989 3029 534 990 3030 535 990 3031 513 990 3032 534 991 3033 525 991 3034 535 991 3035 525 992 3036 508 992 3037 535 992 3038 532 993 3039 533 993 3040 512 993 3041 532 994 3042 524 994 3043 533 994 3044 524 995 3045 507 995 3046 533 995 3047 530 996 3048 531 996 3049 511 996 3050 530 997 3051 522 997 3052 531 997 3053 522 998 3054 506 998 3055 531 998 3056 528 999 3057 529 999 3058 510 999 3059 528 1000 3060 518 1000 3061 529 1000 3062 518 1001 3063 505 1001 3064 529 1001 3065 526 1002 3066 527 1002 3067 514 1002 3068 526 1003 3069 519 1003 3070 527 1003 3071 519 1004 3072 509 1004 3073 527 1004 3074 520 1005 3075 525 1005 3076 509 1005 3077 520 1006 3078 523 1006 3079 525 1006 3080 523 1007 3081 508 1007 3082 525 1007 3083 523 1008 3084 524 1008 3085 508 1008 3086 523 1009 3087 521 1009 3088 524 1009 3089 521 1010 3090 507 1010 3091 524 1010 3092 521 1011 3093 522 1011 3094 507 1011 3095 521 1012 3096 516 1012 3097 522 1012 3098 516 1013 3099 506 1013 3100 522 1013 3101 519 1014 3102 520 1014 3103 509 1014 3104 519 1015 3105 517 1015 3106 520 1015 3107 517 1016 3108 504 1016 3109 520 1016 3110 516 1017 3111 518 1017 3112 506 1017 3113 516 1018 3114 517 1018 3115 518 1018 3116 517 1019 3117 505 1019 3118 518 1019 3119</p>
        </triangles>
      </mesh>
    </geometry>
    <geometry id="Cube_002-mesh" name="Cube.002">
      <mesh>
        <source id="Cube_002-mesh-positions">
          <float_array id="Cube_002-mesh-positions-array" count="312">3.582132 8.401511 -4.35337 3.582132 7.401511 -4.35337 3.582132 8.401511 -3.35337 3.582132 7.401511 -3.35337 4.582132 8.401511 -4.35337 4.582132 7.401511 -4.35337 4.582132 8.401511 -3.35337 4.582132 7.401511 -3.35337 -6.383614 4.80774 0.7041724 -6.383614 3.807741 0.7041724 -7.026401 4.80774 1.470217 -7.026401 3.807741 1.470217 -5.617569 4.80774 1.34696 -5.617569 3.807741 1.34696 -6.260357 4.80774 2.113005 -6.260357 3.80774 2.113005 27.01272 3.5785 2.276432 27.01272 4.5785 2.276432 26.83907 3.5785 1.291625 26.83907 4.5785 1.291625 27.99753 3.5785 2.102784 27.99753 4.5785 2.102784 27.82388 3.5785 1.117976 27.82388 4.5785 1.117976 42.07324 -9.515505 -55.76015 42.07324 -8.515505 -55.76015 41.3072 -9.515505 -56.40294 41.3072 -8.515505 -56.40294 42.71603 -9.515505 -56.52619 42.71603 -8.515505 -56.52619 41.94998 -9.515505 -57.16898 41.94998 -8.515505 -57.16898 -46.30167 8.860405 -116.7022 -46.30167 9.860405 -116.7022 -46.33658 8.860405 -117.7016 -46.33658 9.860405 -117.7016 -45.30228 8.860405 -116.737 -45.30228 9.860405 -116.737 -45.33719 8.860405 -117.7365 -45.33719 9.860405 -117.7365 -70.70333 3.194059 -14.87051 -70.70333 4.194059 -14.87051 -71.69953 3.194059 -14.95767 -71.69953 4.194059 -14.95767 -70.61618 3.194059 -15.86671 -70.61618 4.194059 -15.86671 -71.61237 3.194059 -15.95386 -71.61237 4.194059 -15.95386 97.78909 0.4453192 19.64531 97.78909 1.445319 19.64531 97.01194 0.4453192 20.27464 97.01194 1.445319 20.27464 97.15976 0.4453187 18.86817 97.15976 1.445319 18.86817 96.38262 0.4453192 19.49749 96.38262 1.445319 19.49749 -32.2635 6.996121 -54.49985 -32.2635 7.996121 -54.49985 -33.21455 6.996121 -54.19084 -33.21455 7.996122 -54.19084 -32.57251 6.996121 -55.45091 -32.57251 7.996121 -55.45091 -33.52357 6.996121 -55.14189 -33.52357 7.996121 -55.14189 -73.35278 13.41211 -73.34994 -73.35278 14.41211 -73.34994 -74.20995 13.41211 -73.86498 -74.20995 14.41211 -73.86498 -72.83774 13.41211 -74.20711 -72.83774 14.41211 -74.20711 -73.69491 13.41211 -74.72215 -73.69491 14.41211 -74.72215 0.1791782 2.977624 -107.2828 0.1791782 3.977624 -107.2828 -0.7480068 2.977624 -107.6575 -0.7480068 3.977624 -107.6575 0.5537853 2.977624 -108.21 0.5537853 3.977624 -108.21 -0.3733997 2.977624 -108.5846 -0.3733997 3.977624 -108.5846 65.91223 -5.100465 -129.4631 65.91223 -4.100465 -129.4631 65.05506 -5.100465 -129.9781 65.05506 -4.100465 -129.9781 66.42726 -5.100465 -130.3203 66.42726 -4.100465 -130.3203 65.57009 -5.100465 -130.8353 65.57009 -4.100465 -130.8353 80.69875 -4.317484 -77.80965 80.69875 -3.317485 -77.80965 79.70119 -4.317484 -77.7399 79.70119 -3.317485 -77.7399 80.629 -4.317484 -78.80722 80.629 -3.317485 -78.80722 79.63143 -4.317484 -78.73746 79.63143 -3.317485 -78.73746 60.99624 -1.930336 -23.6289 60.99624 -0.9303365 -23.6289 60.03497 -1.930336 -23.90453 60.03497 -0.9303365 -23.90453 61.27187 -1.930336 -24.59016 61.27187 -0.9303365 -24.59016 60.31061 -1.930336 -24.8658 60.31061 -0.9303365 -24.8658</float_array>
          <technique_common>
            <accessor source="#Cube_002-mesh-positions-array" count="104" stride="3">
              <param name="X" type="float"/>
              <param name="Y" type="float"/>
              <param name="Z" type="float"/>
            </accessor>
          </technique_common>
        </source>
        <source id="Cube_002-mesh-normals">
          <float_array id="Cube_002-mesh-normals-array" count="324">-1 0 0 0 0 1 1 0 0 0 0 -1 0 1 0 0 -1 0 -0.7660443 0 -0.6427879 -0.6427876 0 0.7660445 0.7660441 0 0.6427879 0.6427876 0 -0.7660445 0 1 -4.76836e-7 0 -1 -9.53673e-7 -0.984808 0 0.173647 -0.1736483 0 -0.9848077 0.984808 0 -0.173647 0.1736483 0 0.9848077 -0.64279 0 0.7660425 -0.7660463 0 -0.6427855 0.64279 0 -0.7660425 0.7660463 0 0.6427855 -0.9993907 0 0.03490394 -0.0349121 0 -0.9993904 0.9993907 0 -0.03490394 0.03489685 0 0.999391 0 -1 1.54971e-6 0 1 1.90731e-6 -0.08715575 0 0.9961947 -0.9961945 0 -0.08715814 0.0871545 0 -0.9961948 0.9961952 0 0.08715039 0 -1 -2.38415e-7 0 1 9.53672e-7 0.6293217 0 0.7771449 -0.7771431 0 0.629324 -0.6293217 0 -0.7771449 0.7771428 0 -0.6293244 3.00075e-7 -1 3.57617e-7 3.70575e-7 1 -2.3842e-7 0.3090204 0 0.9510555 -0.9510577 0 0.3090134 -0.3090134 0 -0.9510577 0.9510577 0 -0.3090134 0 1 4.76837e-7 -0.5150308 0 0.8571717 -0.8571703 0 -0.5150331 0.5150308 0 -0.8571717 0.8571703 0 0.5150331 -0.3746126 0 0.9271814 -0.9271839 0 -0.3746066 0.3746035 0 -0.9271851 0.927186 0 0.3746013 -4.42116e-7 -1 0 0 1 2.38418e-7 -0.5150196 0 0.8571784 0.5150421 0 -0.857165 0.8571622 0 0.5150465 0.0697484 0 0.9975647 -0.9975641 0 0.06975579 -0.069763 0 -0.9975636 0.9975647 0 -0.0697472 0 -1 9.53688e-7 0 1 2.68217e-7 -0.2756339 0 0.9612627 -0.9612607 0 -0.275641 0.2756395 0 -0.9612612 0.9612625 0 0.275635 -0.7660447 0 -0.6427875 -0.6427878 0 0.7660444 0.7660446 0 0.6427875 0.6427879 0 -0.7660443 -0.6427855 0 0.7660463 -0.7660431 0 -0.6427893 0.6427855 0 -0.7660463 0.7660431 0 0.6427893 -0.03489685 0 -0.999391 0.9993907 0 -0.0349034 0 -1 -1.90731e-6 0 1 -1.54971e-6 -0.08715569 0 0.9961947 0.0871545 0 -0.9961948 0 1 -7.15245e-7 0.6293216 0 0.777145 -0.7771431 0 0.629324 -0.6293222 0 -0.7771446 0.7771431 0 -0.629324 -3.70575e-7 -1 2.98025e-7 -3.00075e-7 1 -4.76823e-7 0.3090134 0 0.9510577 -0.9510576 0 0.3090138 -0.3090204 0 -0.9510555 0 -1 -4.76837e-7 3.0615e-7 1 0 -0.5150421 0 0.857165 -0.8571664 0 -0.5150399 0.8571664 0 0.5150399 0 1 -9.53682e-7 -0.3745905 0 0.9271904 -0.9271839 0 -0.3746064 0.9271826 0 0.3746097 1.78625e-7 -1 -4.76837e-7 -2.21058e-7 1 0 0.0697484 0 0.9975647 -0.9975641 0 0.06975591 -0.06976306 0 -0.9975636 0.9975647 0 -0.06974714 0 -1 0 -0.2756339 0 0.9612627 0 -1 -1.1921e-7</float_array>
          <technique_common>
            <accessor source="#Cube_002-mesh-normals-array" count="108" stride="3">
              <param name="X" type="float"/>
              <param name="Y" type="float"/>
              <param name="Z" type="float"/>
            </accessor>
          </technique_common>
        </source>
        <source id="Cube_002-mesh-map-0">
          <float_array id="Cube_002-mesh-map-0-array" count="936">1 -2 0 -1 0 -2 1 -1 0 0 0 -1 1 0 0 1 0 0 1 1 0 2 0 1 0 0 -1 1 -1 0 2 0 1 1 1 0 1 -2 0 -1 0 -2 1 -1 0 0 0 -1 0 0 1 1 0 1 1 1 0 2 0 1 0 0 -1 1 -1 0 2 0 1 1 1 0 1 -2 0 -1 0 -2 1 -1 0 0 0 -1 1 0 0 1 0 0 1 1 0 2 0 1 -1 0 0 1 -1 1 2 0 1 1 1 0 1 -2 0 -1 0 -2 1 -1 0 0 0 -1 1 0 0 1 0 0 1 1 0 2 0 1 -1 0 0 1 -1 1 2 0 1 1 1 0 1 -2 0 -1 0 -2 1 -1 0 0 0 -1 1 0 0 1 0 0 1 1 0 2 0 1 0 0 -1 1 -1 0 1 0 2 1 1 1 1 -2 0 -1 0 -2 1 -1 0 0 0 -1 1 0 0 1 0 0 1 1 0 2 0 1 -1 0 0 1 -1 1 2 0 1 1 1 0 1 -2 0 -1 0 -2 1 -1 0 0 0 -1 0 0 1 1 0 1 1 1 0 2 0 1 -1 0 0 1 -1 1 2 0 1 1 1 0 1 -2 0 -1 0 -2 0 -1 1 0 0 0 1 0 0 1 0 0 1 1 0 2 0 1 0 0 -1 1 -1 0 1 0 2 1 1 1 1 -2 0 -1 0 -2 1 -1 0 0 0 -1 1 0 0 1 0 0 1 1 0 2 0 1 0 0 -1 1 -1 0 2 0 1 1 1 0 1 -2 0 -1 0 -2 1 -1 0 0 0 -1 1 0 0 1 0 0 0 1 1 2 0 2 0 0 -1 1 -1 0 1 0 2 1 1 1 1 -2 0 -1 0 -2 1 -1 0 0 0 -1 1 0 0 1 0 0 1 1 0 2 0 1 0 0 -1 1 -1 0 2 0 1 1 1 0 1 -2 0 -1 0 -2 1 -1 0 0 0 -1 1 0 0 1 0 0 1 1 0 2 0 1 0 0 -1 1 -1 0 1 0 2 1 1 1 1 -2 0 -1 0 -2 1 -1 0 0 0 -1 1 0 0 1 0 0 1 1 0 2 0 1 0 0 -1 1 -1 0 1 0 2 1 1 1 1 -2 1 -1 0 -1 1 -1 1 0 0 0 1 0 1 1 0 1 1 1 1 2 0 2 0 0 0 1 -1 1 2 0 2 1 1 1 1 -2 1 -1 0 -1 1 -1 1 0 0 0 0 0 1 0 1 1 1 1 1 2 0 2 0 0 0 1 -1 1 2 0 2 1 1 1 1 -2 1 -1 0 -1 1 -1 1 0 0 0 1 0 1 1 0 1 1 1 1 2 0 2 -1 0 0 0 0 1 2 0 2 1 1 1 1 -2 1 -1 0 -1 1 -1 1 0 0 0 1 0 1 1 0 1 1 1 1 2 0 2 -1 0 0 0 0 1 2 0 2 1 1 1 1 -2 1 -1 0 -1 1 -1 1 0 0 0 1 0 1 1 0 1 1 1 1 2 0 2 0 0 0 1 -1 1 1 0 2 0 2 1 1 -2 1 -1 0 -1 1 -1 1 0 0 0 1 0 1 1 0 1 1 1 1 2 0 2 -1 0 0 0 0 1 2 0 2 1 1 1 1 -2 1 -1 0 -1 1 -1 1 0 0 0 0 0 1 0 1 1 1 1 1 2 0 2 -1 0 0 0 0 1 2 0 2 1 1 1 1 -2 1 -1 0 -1 0 -1 1 -1 1 0 1 0 1 1 0 1 1 1 1 2 0 2 0 0 0 1 -1 1 1 0 2 0 2 1 1 -2 1 -1 0 -1 1 -1 1 0 0 0 1 0 1 1 0 1 1 1 1 2 0 2 0 0 0 1 -1 1 2 0 2 1 1 1 1 -2 1 -1 0 -1 1 -1 1 0 0 0 1 0 1 1 0 1 0 1 1 1 1 2 0 0 0 1 -1 1 1 0 2 0 2 1 1 -2 1 -1 0 -1 1 -1 1 0 0 0 1 0 1 1 0 1 1 1 1 2 0 2 0 0 0 1 -1 1 2 0 2 1 1 1 1 -2 1 -1 0 -1 1 -1 1 0 0 0 1 0 1 1 0 1 1 1 1 2 0 2 0 0 0 1 -1 1 1 0 2 0 2 1 1 -2 1 -1 0 -1 1 -1 1 0 0 0 1 0 1 1 0 1 1 1 1 2 0 2 0 0 0 1 -1 1 1 0 2 0 2 1</float_array>
          <technique_common>
            <accessor source="#Cube_002-mesh-map-0-array" count="468" stride="2">
              <param name="S" type="float"/>
              <param name="T" type="float"/>
            </accessor>
          </technique_common>
        </source>
        <vertices id="Cube_002-mesh-vertices">
          <input semantic="POSITION" source="#Cube_002-mesh-positions"/>
        </vertices>
        <triangles material="light1-material" count="72">
          <input semantic="VERTEX" source="#Cube_002-mesh-vertices" offset="0"/>
          <input semantic="NORMAL" source="#Cube_002-mesh-normals" offset="1"/>
          <input semantic="TEXCOORD" source="#Cube_002-mesh-map-0" offset="2" set="0"/>
          <p>1 0 0 2 0 1 0 0 2 3 1 3 6 1 4 2 1 5 7 2 6 4 2 7 6 2 8 5 3 9 0 3 10 4 3 11 6 4 12 0 4 13 2 4 14 3 5 15 5 5 16 7 5 17 17 12 36 18 12 37 16 12 38 19 13 39 22 13 40 18 13 41 23 14 42 20 14 43 22 14 44 21 15 45 16 15 46 20 15 47 18 5 48 20 5 49 16 5 50 19 4 51 21 4 52 23 4 53 25 16 54 26 16 55 24 16 56 27 17 57 30 17 58 26 17 59 31 18 60 28 18 61 30 18 62 29 19 63 24 19 64 28 19 65 26 5 66 28 5 67 24 5 68 27 4 69 29 4 70 31 4 71 33 20 72 34 20 73 32 20 74 35 21 75 38 21 76 34 21 77 39 22 78 36 22 79 38 22 80 37 23 81 32 23 82 36 23 83 38 24 84 32 24 85 34 24 86 39 25 87 33 25 88 37 25 89 41 26 90 42 26 91 40 26 92 43 27 93 46 27 94 42 27 95 47 28 96 44 28 97 46 28 98 45 29 99 40 29 100 44 29 101 42 30 102 44 30 103 40 30 104 43 31 105 45 31 106 47 31 107 49 32 108 50 32 109 48 32 110 51 33 111 54 33 112 50 33 113 54 34 114 53 34 115 52 34 116 53 35 117 48 35 118 52 35 119 50 36 120 52 36 121 48 36 122 51 37 123 53 37 124 55 37 125 1 0 234 3 0 235 2 0 236 3 1 237 7 1 238 6 1 239 7 2 240 5 2 241 4 2 242 5 3 243 1 3 244 0 3 245 6 4 246 4 4 247 0 4 248 3 5 249 1 5 250 5 5 251 17 12 270 19 12 271 18 12 272 19 13 273 23 13 274 22 13 275 23 14 276 21 14 277 20 14 278 21 15 279 17 15 280 16 15 281 18 5 282 22 5 283 20 5 284 19 4 285 17 4 286 21 4 287 25 70 288 27 70 289 26 70 290 27 71 291 31 71 292 30 71 293 31 72 294 29 72 295 28 72 296 29 73 297 25 73 298 24 73 299 26 5 300 30 5 301 28 5 302 27 4 303 25 4 304 29 4 305 33 20 306 35 20 307 34 20 308 35 74 309 39 74 310 38 74 311 39 75 312 37 75 313 36 75 314 37 23 315 33 23 316 32 23 317 38 76 318 36 76 319 32 76 320 39 77 321 35 77 322 33 77 323 41 78 324 43 78 325 42 78 326 43 27 327 47 27 328 46 27 329 47 79 330 45 79 331 44 79 332 45 29 333 41 29 334 40 29 335 42 5 336 46 5 337 44 5 338 43 80 339 41 80 340 45 80 341 49 81 342 51 81 343 50 81 344 51 82 345 55 82 346 54 82 347 54 83 348 55 83 349 53 83 350 53 84 351 49 84 352 48 84 353 50 85 354 54 85 355 52 85 356 51 86 357 49 86 358 53 86 359</p>
        </triangles>
        <triangles material="light2-material" count="84">
          <input semantic="VERTEX" source="#Cube_002-mesh-vertices" offset="0"/>
          <input semantic="NORMAL" source="#Cube_002-mesh-normals" offset="1"/>
          <input semantic="TEXCOORD" source="#Cube_002-mesh-map-0" offset="2" set="0"/>
          <p>9 6 18 10 6 19 8 6 20 11 7 21 14 7 22 10 7 23 14 8 24 13 8 25 12 8 26 13 9 27 8 9 28 12 9 29 14 10 30 8 10 31 10 10 32 11 11 33 13 11 34 15 11 35 57 38 126 58 38 127 56 38 128 58 39 129 63 39 130 62 39 131 63 40 132 60 40 133 62 40 134 61 41 135 56 41 136 60 41 137 62 5 138 56 5 139 58 5 140 63 42 141 57 42 142 61 42 143 65 43 144 66 43 145 64 43 146 67 44 147 70 44 148 66 44 149 71 45 150 68 45 151 70 45 152 69 46 153 64 46 154 68 46 155 70 5 156 64 5 157 66 5 158 67 4 159 69 4 160 71 4 161 73 47 162 74 47 163 72 47 164 75 48 165 78 48 166 74 48 167 79 49 168 76 49 169 78 49 170 76 50 171 73 50 172 72 50 173 78 51 174 72 51 175 74 51 176 79 52 177 73 52 178 77 52 179 81 53 180 82 53 181 80 53 182 83 44 183 86 44 184 82 44 185 87 54 186 84 54 187 86 54 188 85 55 189 80 55 190 84 55 191 86 5 192 80 5 193 82 5 194 83 4 195 85 4 196 87 4 197 89 56 198 90 56 199 88 56 200 91 57 201 94 57 202 90 57 203 95 58 204 92 58 205 94 58 206 93 59 207 88 59 208 92 59 209 94 60 210 88 60 211 90 60 212 95 61 213 89 61 214 93 61 215 97 62 216 98 62 217 96 62 218 99 63 219 102 63 220 98 63 221 103 64 222 100 64 223 102 64 224 101 65 225 96 65 226 100 65 227 102 5 228 96 5 229 98 5 230 103 4 231 97 4 232 101 4 233 9 66 252 11 66 253 10 66 254 11 67 255 15 67 256 14 67 257 14 68 258 15 68 259 13 68 260 13 69 261 9 69 262 8 69 263 14 42 264 12 42 265 8 42 266 11 5 267 9 5 268 13 5 269 57 87 360 59 87 361 58 87 362 58 88 363 59 88 364 63 88 365 63 89 366 61 89 367 60 89 368 61 41 369 57 41 370 56 41 371 62 90 372 60 90 373 56 90 374 63 91 375 59 91 376 57 91 377 65 92 378 67 92 379 66 92 380 67 93 381 71 93 382 70 93 383 71 54 384 69 54 385 68 54 386 69 94 387 65 94 388 64 94 389 70 5 390 68 5 391 64 5 392 67 95 393 65 95 394 69 95 395 73 96 396 75 96 397 74 96 398 75 97 399 79 97 400 78 97 401 79 49 402 77 49 403 76 49 404 76 98 405 77 98 406 73 98 407 78 99 408 76 99 409 72 99 410 79 100 411 75 100 412 73 100 413 81 92 414 83 92 415 82 92 416 83 44 417 87 44 418 86 44 419 87 54 420 85 54 421 84 54 422 85 46 423 81 46 424 80 46 425 86 5 426 84 5 427 80 5 428 83 4 429 81 4 430 85 4 431 89 101 432 91 101 433 90 101 434 91 102 435 95 102 436 94 102 437 95 103 438 93 103 439 92 103 440 93 104 441 89 104 442 88 104 443 94 105 444 92 105 445 88 105 446 95 4 447 91 4 448 89 4 449 97 106 450 99 106 451 98 106 452 99 63 453 103 63 454 102 63 455 103 64 456 101 64 457 100 64 458 101 65 459 97 65 460 96 65 461 102 107 462 100 107 463 96 107 464 103 4 465 99 4 466 97 4 467</p>
        </triangles>
      </mesh>
    </geometry>
    <geometry id="Plane-mesh" name="Plane">
      <mesh>
        <source id="Plane-mesh-positions">
          <float_array id="Plane-mesh-positions-array" count="12">-180 -37.7518 180 180 -37.7518 180 -180 -37.75186 -180 180 -37.75186 -180</float_array>
          <technique_common>
            <accessor source="#Plane-mesh-positions-array" count="4" stride="3">
              <param name="X" type="float"/>
              <param name="Y" type="float"/>
              <param name="Z" type="float"/>
            </accessor>
          </technique_common>
        </source>
        <source id="Plane-mesh-normals">
          <float_array id="Plane-mesh-normals-array" count="3">0 1 -1.65775e-7</float_array>
          <technique_common>
            <accessor source="#Plane-mesh-normals-array" count="1" stride="3">
              <param name="X" type="float"/>
              <param name="Y" type="float"/>
              <param name="Z" type="float"/>
            </accessor>
          </technique_common>
        </source>
        <source id="Plane-mesh-map-0">
          <float_array id="Plane-mesh-map-0-array" count="12">20.5 -19.5 -19.5 20.5 -19.5 -19.5 20.5 -19.5 20.5 20.5 -19.5 20.5</float_array>
          <technique_common>
            <accessor source="#Plane-mesh-map-0-array" count="6" stride="2">
              <param name="S" type="float"/>
              <param name="T" type="float"/>
            </accessor>
          </technique_common>
        </source>
        <vertices id="Plane-mesh-vertices">
          <input semantic="POSITION" source="#Plane-mesh-positions"/>
        </vertices>
        <triangles material="leaves-material" count="2">
          <input semantic="VERTEX" source="#Plane-mesh-vertices" offset="0"/>
          <input semantic="NORMAL" source="#Plane-mesh-normals" offset="1"/>
          <input semantic="TEXCOORD" source="#Plane-mesh-map-0" offset="2" set="0"/>
          <p>1 0 0 2 0 1 0 0 2 1 0 3 3 0 4 2 0 5</p>
        </triangles>
      </mesh>
    </geometry>
    <geometry id="Cylinder_001-mesh" name="Cylinder.001">
      <mesh>
        <source id="Cylinder_001-mesh-positions">
          <float_array id="Cylinder_001-mesh-positions-array" count="240">0 -40.1 -9.999999 0 -0.1000003 -10 7.071068 -40.1 -7.071066 7.071068 -0.1000003 -7.071068 10 -40.1 2.18994e-6 10 -0.1000003 4.41485e-7 7.071068 -40.1 7.07107 7.071068 -0.1000003 7.071068 -8.74228e-7 -40.1 10 -8.74228e-7 -0.1000003 10 -7.071067 -40.1 7.07107 -7.071067 -0.1000003 7.071068 -10 -40.1 1.63358e-6 -10 -0.1000003 0 -7.071069 -40.1 -7.071064 -7.071069 -0.1000003 -7.071066 -13.23198 -41.77975 -80.91925 -13.23198 18.22025 -80.91925 -9.696448 -41.77975 -79.45479 -9.696448 18.22025 -79.45479 -8.231986 -41.77975 -75.91925 -8.231986 18.22025 -75.91925 -9.696448 -41.77975 -72.38372 -9.696448 18.22025 -72.38372 -13.23198 -41.77975 -70.91925 -13.23198 18.22025 -70.91925 -16.76752 -41.77975 -72.38372 -16.76752 18.22025 -72.38372 -18.23199 -41.77975 -75.91925 -18.23199 18.22025 -75.91925 -16.76752 -41.77975 -79.45479 -16.76752 18.22025 -79.45479 85.85052 -58.50539 -95.83673 85.85052 1.494612 -95.83673 89.38606 -58.50539 -94.37227 89.38606 1.494612 -94.37226 90.85052 -58.50539 -90.83673 90.85052 1.494612 -90.83673 89.38606 -58.50539 -87.30121 89.38606 1.494612 -87.3012 85.85052 -58.50539 -85.83673 85.85052 1.494612 -85.83673 82.31498 -58.50539 -87.30121 82.31498 1.494612 -87.3012 80.85052 -58.50539 -90.83673 80.85052 1.494612 -90.83673 82.31498 -58.50539 -94.37227 82.31498 1.494612 -94.37226 -46.2506 -47.14212 -37.9267 -46.2506 12.85788 -37.9267 -42.71507 -47.14212 -36.46224 -42.71507 12.85788 -36.46223 -41.2506 -47.14212 -32.9267 -41.2506 12.85788 -32.9267 -42.71507 -47.14212 -29.39117 -42.71507 12.85788 -29.39117 -46.2506 -47.14212 -27.9267 -46.2506 12.85788 -27.9267 -49.78614 -47.14212 -29.39117 -49.78614 12.85788 -29.39117 -51.2506 -47.14212 -32.9267 -51.2506 12.85788 -32.9267 -49.78614 -47.14212 -36.46224 -49.78614 12.85788 -36.46223 136.5342 -68.30709 8.649686 136.5342 -8.307095 8.649683 140.0697 -68.30709 10.11415 140.0697 -8.307095 10.11415 141.5342 -68.30709 13.64969 141.5342 -8.307094 13.64968 140.0697 -68.30709 17.18521 140.0697 -8.307094 17.18522 136.5342 -68.30709 18.64969 136.5342 -8.307094 18.64968 132.9986 -68.30709 17.18521 132.9986 -8.307094 17.18522 131.5342 -68.30709 13.64969 131.5342 -8.307094 13.64968 132.9986 -68.30709 10.11415 132.9986 -8.307095 10.11415</float_array>
          <technique_common>
            <accessor source="#Cylinder_001-mesh-positions-array" count="80" stride="3">
              <param name="X" type="float"/>
              <param name="Y" type="float"/>
              <param name="Z" type="float"/>
            </accessor>
          </technique_common>
        </source>
        <source id="Cylinder_001-mesh-normals">
          <float_array id="Cylinder_001-mesh-normals-array" count="279">0.3826835 0 -0.9238796 0.9238796 0 -0.3826834 0.9238795 0 0.3826834 0.3826834 0 0.9238796 -0.3826835 0 0.9238796 -0.9238795 0 0.3826835 0 1 0 -0.9238796 0 -0.3826835 -0.3826834 0 -0.9238796 0 -1 4.55856e-7 0.3826838 0 -0.9238794 0.9238798 0 -0.3826829 0.9238798 0 0.3826829 0.3826838 0 0.9238794 -0.3826838 0 0.9238794 -0.9238798 0 0.3826829 -0.9238798 0 -0.3826829 -0.3826838 0 -0.9238794 0 -1 0 0.3826838 0 -0.9238795 0.9238805 2.6582e-7 -0.3826814 0.3826874 -1.3291e-7 0.9238778 -0.3826874 -2.23956e-7 0.9238778 -0.9238792 -2.65822e-7 0.3826844 -0.3826838 0 -0.9238795 0.3826828 0 -0.9238799 0.9238794 1.3291e-7 -0.3826838 0.9238791 0 0.3826846 0.3826845 0 0.9238791 -0.3826839 0 0.9238795 -0.9238798 0 0.3826829 -0.9238801 0 -0.3826822 -0.382682 0 -0.9238802 0 -1 -1.72633e-6 0.382682 0 -0.9238802 0.9238801 0 -0.3826822 0.9238797 -2.65822e-7 0.3826833 0.3826848 -1.3291e-7 0.9238791 -0.3826848 0 0.9238791 -0.9238796 0 0.3826835 -0.92388 0 -0.3826823 -0.382682 1.3291e-7 -0.9238802 0.3826835 0 -0.9238795 0.9238796 0 -0.3826834 0.9238796 0 0.3826835 0.3826835 0 0.9238796 -0.3826833 0 0.9238796 -0.9238796 0 0.3826835 -0.9238796 0 -0.3826834 -0.3826838 0 -0.9238794 0 -1 -1.47352e-6 0 -1 -1.47352e-6 0.3826839 0 -0.9238795 0.9238805 0 0.3826814 0.3826802 0 0.9238809 -0.3826802 0 0.9238809 -0.9238805 0 0.3826814 0 1 3.68378e-7 0 1 -3.68378e-7 -0.3826839 0 -0.9238795 0.3826838 0 -0.9238794 0.9238792 0 -0.3826844 0.9238799 0 0.3826829 0.3826802 0 0.9238809 -0.3826802 0 0.9238809 -0.9238805 0 0.3826814 0 1 0 0 1 0 -0.9238799 1.53843e-7 -0.3826829 -0.3826838 1.3291e-7 -0.9238794 0.3826845 1.28085e-7 -0.9238791 0.9238791 0 -0.3826846 0.9238794 0 0.3826839 0.3826827 0 0.9238799 -0.382682 0 0.9238802 -0.9238801 0 0.3826822 0 1 3.68382e-7 0 1 -3.68379e-7 -0.9238798 0 -0.3826829 -0.3826838 1.99365e-7 -0.9238795 0.3826839 1.70192e-7 -0.9238795 0.9238798 0 -0.382683 0.92388 0 0.3826823 0.382683 0 0.9238798 -0.382683 0 0.9238798 -0.9238801 0 0.3826821 1.34872e-7 1 0 0 1 0 0 1 -4.31584e-7 0 1 -3.68381e-7 0 1 -1.84191e-7 -0.9238798 0 -0.3826828 -0.3826839 0 -0.9238795</float_array>
          <technique_common>
            <accessor source="#Cylinder_001-mesh-normals-array" count="93" stride="3">
              <param name="X" type="float"/>
              <param name="Y" type="float"/>
              <param name="Z" type="float"/>
            </accessor>
          </technique_common>
        </source>
        <source id="Cylinder_001-mesh-map-0">
          <float_array id="Cylinder_001-mesh-map-0-array" count="840">3.978914 2.503999 2.984535 -1.496001 3.978914 -1.496001 2.984535 2.503999 1.990156 -1.496001 2.984535 -1.496001 1.990156 2.503999 0.9957765 -1.496001 1.990156 -1.496001 0.9957765 2.503999 0.001396596 -1.496001 0.9957765 -1.496001 0.001396596 2.503999 -0.9929825 -1.496001 0.001396596 -1.496001 -0.9929825 2.503999 -1.987362 -1.496001 -0.9929825 -1.496001 0.8394113 0.1605887 0.98 0.5 0.01999998 0.5 -1.987362 2.503999 -2.981741 -1.496001 -1.987362 -1.496001 -2.981741 2.503999 -3.976121 -1.496001 -2.981741 -1.496001 0.8394113 0.1605887 0.1605887 0.1605887 0.1605887 0.8394113 3.978914 3.503999 2.984535 -2.496001 3.978914 -2.496001 2.984535 3.503999 1.990156 -2.496001 2.984535 -2.496001 1.990156 3.503999 0.9957765 -2.496001 1.990156 -2.496001 0.9957765 3.503999 0.001396596 -2.496001 0.9957765 -2.496001 0.001396596 -2.496001 -0.9929825 3.503999 -0.9929825 -2.496001 -0.9929825 3.503999 -1.987362 -2.496001 -0.9929825 -2.496001 0.01999998 0.5 0.5 0.01999998 0.98 0.5 -1.987362 3.503999 -2.981741 -2.496001 -1.987362 -2.496001 -2.981741 3.503999 -3.976121 -2.496001 -2.981741 -2.496001 0.01999998 0.5 0.1605887 0.8394113 0.8394113 0.1605887 3.978914 3.503999 2.984535 -2.496001 3.978914 -2.496001 2.984535 3.503999 1.990156 -2.496001 2.984535 -2.496001 1.990156 3.503999 0.9957765 -2.496001 1.990156 -2.496001 0.9957765 3.503999 0.001396596 -2.496001 0.9957765 -2.496001 0.001396596 -2.496001 -0.9929825 3.503999 -0.9929825 -2.496001 -0.9929825 3.503999 -1.987362 -2.496001 -0.9929825 -2.496001 0.01999998 0.5 0.5 0.01999998 0.98 0.5 -1.987362 3.503999 -2.981741 -2.496001 -1.987362 -2.496001 -2.981741 -2.496001 -3.976121 3.503999 -3.976121 -2.496001 0.8394113 0.1605887 0.1605887 0.1605887 0.1605887 0.8394113 3.978914 3.503999 2.984535 -2.496001 3.978914 -2.496001 2.984535 3.503999 1.990156 -2.496001 2.984535 -2.496001 1.990156 3.503999 0.9957765 -2.496001 1.990156 -2.496001 0.9957765 3.503999 0.001396596 -2.496001 0.9957765 -2.496001 0.001396596 3.503999 -0.9929825 -2.496001 0.001396596 -2.496001 -0.9929825 3.503999 -1.987362 -2.496001 -0.9929825 -2.496001 0.01999998 0.5 0.5 0.01999998 0.98 0.5 -1.987362 3.503999 -2.981741 -2.496001 -1.987362 -2.496001 -2.981741 -2.496001 -3.976121 3.503999 -3.976121 -2.496001 0.01999998 0.5 0.1605887 0.8394113 0.8394113 0.1605887 3.978914 3.503999 2.984535 -2.496001 3.978914 -2.496001 2.984535 3.503999 1.990156 -2.496001 2.984535 -2.496001 1.990156 3.503999 0.9957765 -2.496001 1.990156 -2.496001 0.9957765 3.503999 0.001396596 -2.496001 0.9957765 -2.496001 0.001396596 3.503999 -0.9929825 -2.496001 0.001396596 -2.496001 -0.9929825 3.503999 -1.987362 -2.496001 -0.9929825 -2.496001 0.01999998 0.5 0.5 0.01999998 0.98 0.5 -1.987362 3.503999 -2.981741 -2.496001 -1.987362 -2.496001 -2.981741 3.503999 -3.976121 -2.496001 -2.981741 -2.496001 0.01999998 0.5 0.1605887 0.8394113 0.8394113 0.1605887 3.978914 2.503999 2.984535 2.503999 2.984535 -1.496001 2.984535 2.503999 1.990156 2.503999 1.990156 -1.496001 1.990156 2.503999 0.9957765 2.503999 0.9957765 -1.496001 0.9957765 2.503999 0.001396596 2.503999 0.001396596 -1.496001 0.001396596 2.503999 -0.9929825 2.503999 -0.9929825 -1.496001 -0.9929825 2.503999 -1.987362 2.503999 -1.987362 -1.496001 0.98 0.5 0.8394113 0.8394113 0.01999998 0.5 0.8394113 0.8394113 0.5 0.98 0.01999998 0.5 0.5 0.98 0.1605887 0.8394113 0.01999998 0.5 0.01999998 0.5 0.1605888 0.1605887 0.5 0.01999998 0.5 0.01999998 0.8394113 0.1605887 0.01999998 0.5 -1.987362 2.503999 -2.981741 2.503999 -2.981741 -1.496001 -2.981741 2.503999 -3.976121 2.503999 -3.976121 -1.496001 0.1605887 0.8394113 0.5 0.98 0.8394113 0.8394113 0.8394113 0.8394113 0.98 0.5 0.8394113 0.1605887 0.8394113 0.1605887 0.5 0.01999998 0.1605887 0.1605887 0.1605887 0.1605887 0.01999998 0.5 0.1605887 0.8394113 0.1605887 0.8394113 0.8394113 0.8394113 0.8394113 0.1605887 3.978914 3.503999 2.984535 3.503999 2.984535 -2.496001 2.984535 3.503999 1.990156 3.503999 1.990156 -2.496001 1.990156 3.503999 0.9957765 3.503999 0.9957765 -2.496001 0.9957765 3.503999 0.001396596 3.503999 0.001396596 -2.496001 0.001396596 -2.496001 0.001396596 3.503999 -0.9929825 3.503999 -0.9929825 3.503999 -1.987362 3.503999 -1.987362 -2.496001 0.98 0.5 0.8394113 0.8394113 0.5 0.98 0.5 0.98 0.1605887 0.8394113 0.01999998 0.5 0.01999998 0.5 0.1605888 0.1605887 0.5 0.01999998 0.5 0.01999998 0.8394113 0.1605887 0.98 0.5 0.98 0.5 0.5 0.98 0.01999998 0.5 -1.987362 3.503999 -2.981741 3.503999 -2.981741 -2.496001 -2.981741 3.503999 -3.976121 3.503999 -3.976121 -2.496001 0.1605887 0.8394113 0.5 0.98 0.8394113 0.1605887 0.5 0.98 0.8394113 0.8394113 0.8394113 0.1605887 0.8394113 0.8394113 0.98 0.5 0.8394113 0.1605887 0.8394113 0.1605887 0.5 0.01999998 0.1605887 0.1605887 0.1605887 0.1605887 0.01999998 0.5 0.8394113 0.1605887 3.978914 3.503999 2.984535 3.503999 2.984535 -2.496001 2.984535 3.503999 1.990156 3.503999 1.990156 -2.496001 1.990156 3.503999 0.9957765 3.503999 0.9957765 -2.496001 0.9957765 3.503999 0.001396596 3.503999 0.001396596 -2.496001 0.001396596 -2.496001 0.001396596 3.503999 -0.9929825 3.503999 -0.9929825 3.503999 -1.987362 3.503999 -1.987362 -2.496001 0.98 0.5 0.8394113 0.8394113 0.5 0.98 0.5 0.98 0.1605887 0.8394113 0.01999998 0.5 0.01999998 0.5 0.1605888 0.1605887 0.5 0.01999998 0.5 0.01999998 0.8394113 0.1605887 0.98 0.5 0.98 0.5 0.5 0.98 0.01999998 0.5 -1.987362 3.503999 -2.981741 3.503999 -2.981741 -2.496001 -2.981741 -2.496001 -2.981741 3.503999 -3.976121 3.503999 0.1605887 0.8394113 0.5 0.98 0.8394113 0.1605887 0.5 0.98 0.8394113 0.8394113 0.8394113 0.1605887 0.8394113 0.8394113 0.98 0.5 0.8394113 0.1605887 0.8394113 0.1605887 0.5 0.01999998 0.1605887 0.1605887 0.1605887 0.1605887 0.01999998 0.5 0.1605887 0.8394113 3.978914 3.503999 2.984535 3.503999 2.984535 -2.496001 2.984535 3.503999 1.990156 3.503999 1.990156 -2.496001 1.990156 3.503999 0.9957765 3.503999 0.9957765 -2.496001 0.9957765 3.503999 0.001396596 3.503999 0.001396596 -2.496001 0.001396596 3.503999 -0.9929825 3.503999 -0.9929825 -2.496001 -0.9929825 3.503999 -1.987362 3.503999 -1.987362 -2.496001 0.98 0.5 0.8394113 0.8394113 0.01999998 0.5 0.8394113 0.8394113 0.5 0.98 0.01999998 0.5 0.5 0.98 0.1605887 0.8394113 0.01999998 0.5 0.01999998 0.5 0.1605888 0.1605887 0.5 0.01999998 0.5 0.01999998 0.8394113 0.1605887 0.98 0.5 -1.987362 3.503999 -2.981741 3.503999 -2.981741 -2.496001 -2.981741 -2.496001 -2.981741 3.503999 -3.976121 3.503999 0.1605887 0.8394113 0.5 0.98 0.8394113 0.1605887 0.5 0.98 0.8394113 0.8394113 0.8394113 0.1605887 0.8394113 0.8394113 0.98 0.5 0.8394113 0.1605887 0.8394113 0.1605887 0.5 0.01999998 0.1605887 0.1605887 0.1605887 0.1605887 0.01999998 0.5 0.8394113 0.1605887 3.978914 3.503999 2.984535 3.503999 2.984535 -2.496001 2.984535 3.503999 1.990156 3.503999 1.990156 -2.496001 1.990156 3.503999 0.9957765 3.503999 0.9957765 -2.496001 0.9957765 3.503999 0.001396596 3.503999 0.001396596 -2.496001 0.001396596 3.503999 -0.9929825 3.503999 -0.9929825 -2.496001 -0.9929825 3.503999 -1.987362 3.503999 -1.987362 -2.496001 0.98 0.5 0.8394113 0.8394113 0.5 0.98 0.5 0.98 0.1605887 0.8394113 0.98 0.5 0.1605887 0.8394113 0.01999998 0.5 0.98 0.5 0.01999998 0.5 0.1605888 0.1605887 0.5 0.01999998 0.5 0.01999998 0.8394113 0.1605887 0.98 0.5 -1.987362 3.503999 -2.981741 3.503999 -2.981741 -2.496001 -2.981741 3.503999 -3.976121 3.503999 -3.976121 -2.496001 0.1605887 0.8394113 0.5 0.98 0.8394113 0.1605887 0.5 0.98 0.8394113 0.8394113 0.8394113 0.1605887 0.8394113 0.8394113 0.98 0.5 0.8394113 0.1605887 0.8394113 0.1605887 0.5 0.01999998 0.1605887 0.1605887 0.1605887 0.1605887 0.01999998 0.5 0.8394113 0.1605887</float_array>
          <technique_common>
            <accessor source="#Cylinder_001-mesh-map-0-array" count="420" stride="2">
              <param name="S" type="float"/>
              <param name="T" type="float"/>
            </accessor>
          </technique_common>
        </source>
        <vertices id="Cylinder_001-mesh-vertices">
          <input semantic="POSITION" source="#Cylinder_001-mesh-positions"/>
        </vertices>
        <triangles material="log-material" count="80">
          <input semantic="VERTEX" source="#Cylinder_001-mesh-vertices" offset="0"/>
          <input semantic="NORMAL" source="#Cylinder_001-mesh-normals" offset="1"/>
          <input semantic="TEXCOORD" source="#Cylinder_001-mesh-map-0" offset="2" set="0"/>
          <p>1 0 0 2 0 1 0 0 2 3 1 3 4 1 4 2 1 5 5 2 6 6 2 7 4 2 8 7 3 9 8 3 10 6 3 11 9 4 12 10 4 13 8 4 14 11 5 15 12 5 16 10 5 17 13 7 21 14 7 22 12 7 23 15 8 24 0 8 25 14 8 26 17 10 30 18 10 31 16 10 32 19 11 33 20 11 34 18 11 35 21 12 36 22 12 37 20 12 38 23 13 39 24 13 40 22 13 41 24 14 42 27 14 43 26 14 44 27 15 45 28 15 46 26 15 47 29 16 51 30 16 52 28 16 53 31 17 54 16 17 55 30 17 56 33 19 60 34 19 61 32 19 62 35 20 63 36 20 64 34 20 65 37 12 66 38 12 67 36 12 68 39 21 69 40 21 70 38 21 71 40 22 72 43 22 73 42 22 74 43 23 75 44 23 76 42 23 77 45 16 81 46 16 82 44 16 83 46 24 84 33 24 85 32 24 86 49 25 90 50 25 91 48 25 92 51 26 93 52 26 94 50 26 95 53 27 96 54 27 97 52 27 98 55 28 99 56 28 100 54 28 101 57 29 102 58 29 103 56 29 104 59 30 105 60 30 106 58 30 107 61 31 111 62 31 112 60 31 113 62 32 114 49 32 115 48 32 116 65 34 120 66 34 121 64 34 122 67 35 123 68 35 124 66 35 125 69 36 126 70 36 127 68 36 128 71 37 129 72 37 130 70 37 131 73 38 132 74 38 133 72 38 134 75 39 135 76 39 136 74 39 137 77 40 141 78 40 142 76 40 143 79 41 144 64 41 145 78 41 146 1 42 150 3 42 151 2 42 152 3 43 153 5 43 154 4 43 155 5 44 156 7 44 157 6 44 158 7 45 159 9 45 160 8 45 161 9 46 162 11 46 163 10 46 164 11 47 165 13 47 166 12 47 167 13 48 183 15 48 184 14 48 185 15 49 186 1 49 187 0 49 188 17 52 204 19 52 205 18 52 206 19 11 207 21 11 208 20 11 209 21 53 210 23 53 211 22 53 212 23 54 213 25 54 214 24 54 215 24 55 216 25 55 217 27 55 218 27 56 219 29 56 220 28 56 221 29 16 237 31 16 238 30 16 239 31 59 240 17 59 241 16 59 242 33 60 258 35 60 259 34 60 260 35 61 261 37 61 262 36 61 263 37 62 264 39 62 265 38 62 266 39 63 267 41 63 268 40 63 269 40 64 270 41 64 271 43 64 272 43 65 273 45 65 274 44 65 275 45 68 291 47 68 292 46 68 293 46 69 294 47 69 295 33 69 296 49 70 312 51 70 313 50 70 314 51 71 315 53 71 316 52 71 317 53 72 318 55 72 319 54 72 320 55 73 321 57 73 322 56 73 323 57 74 324 59 74 325 58 74 326 59 75 327 61 75 328 60 75 329 61 78 345 63 78 346 62 78 347 62 79 348 63 79 349 49 79 350 65 80 366 67 80 367 66 80 368 67 81 369 69 81 370 68 81 371 69 82 372 71 82 373 70 82 374 71 83 375 73 83 376 72 83 377 73 84 378 75 84 379 74 84 380 75 85 381 77 85 382 76 85 383 77 91 399 79 91 400 78 91 401 79 92 402 65 92 403 64 92 404</p>
        </triangles>
        <triangles material="logtop-material" count="60">
          <input semantic="VERTEX" source="#Cylinder_001-mesh-vertices" offset="0"/>
          <input semantic="NORMAL" source="#Cylinder_001-mesh-normals" offset="1"/>
          <input semantic="TEXCOORD" source="#Cylinder_001-mesh-map-0" offset="2" set="0"/>
          <p>7 6 18 5 6 19 13 6 20 6 9 27 10 9 28 14 9 29 29 6 48 25 6 49 21 6 50 28 18 57 30 18 58 22 18 59 45 6 78 41 6 79 37 6 80 38 18 87 42 18 88 46 18 89 61 6 108 57 6 109 53 6 110 60 33 117 62 33 118 54 33 119 77 6 138 73 6 139 69 6 140 76 18 147 78 18 148 70 18 149 5 6 168 3 6 169 13 6 170 3 6 171 1 6 172 13 6 173 1 6 174 15 6 175 13 6 176 13 6 177 11 6 178 9 6 179 9 6 180 7 6 181 13 6 182 14 50 189 0 50 190 2 50 191 2 18 192 4 18 193 6 18 194 6 51 195 8 51 196 10 51 197 10 18 198 12 18 199 14 18 200 14 18 201 2 18 202 6 18 203 21 6 222 19 6 223 17 6 224 17 57 225 31 57 226 29 57 227 29 6 228 27 6 229 25 6 230 25 58 231 23 58 232 21 58 233 21 6 234 17 6 235 29 6 236 30 18 243 16 18 244 22 18 245 16 18 246 18 18 247 22 18 248 18 18 249 20 18 250 22 18 251 22 18 252 24 18 253 26 18 254 26 18 255 28 18 256 22 18 257 37 6 276 35 6 277 33 6 278 33 66 279 47 66 280 45 66 281 45 6 282 43 6 283 41 6 284 41 67 285 39 67 286 37 67 287 37 6 288 33 6 289 45 6 290 46 18 297 32 18 298 38 18 299 32 18 300 34 18 301 38 18 302 34 18 303 36 18 304 38 18 305 38 18 306 40 18 307 42 18 308 42 18 309 44 18 310 46 18 311 53 6 330 51 6 331 61 6 332 51 6 333 49 6 334 61 6 335 49 76 336 63 76 337 61 76 338 61 6 339 59 6 340 57 6 341 57 77 342 55 77 343 53 77 344 62 18 351 48 18 352 54 18 353 48 18 354 50 18 355 54 18 356 50 18 357 52 18 358 54 18 359 54 18 360 56 18 361 58 18 362 58 18 363 60 18 364 54 18 365 69 86 384 67 86 385 65 86 386 65 87 387 79 87 388 69 87 389 79 88 390 77 88 391 69 88 392 77 89 393 75 89 394 73 89 395 73 90 396 71 90 397 69 90 398 78 18 405 64 18 406 70 18 407 64 18 408 66 18 409 70 18 410 66 18 411 68 18 412 70 18 413 70 18 414 72 18 415 74 18 416 74 18 417 76 18 418 70 18 419</p>
        </triangles>
      </mesh>
    </geometry>
    <geometry id="Mesh4-mesh" name="Mesh4">
      <mesh>
        <source id="Mesh4-mesh-positions">
          <float_array id="Mesh4-mesh-positions-array" count="36">3.43136 -0.008412003 3.41828 3.43136 -0.008412897 -3.36488 -3.4198 -0.008412003 3.41828 -3.4198 -0.008412897 -3.36488 -1.05702 -0.008412957 -4.725776 1.056302 -0.008412957 -4.725776 -1.05702 -0.008413255 -6.830173 1.056302 -0.008413255 -6.830173 -1.05702 -0.008411586 6.820983 1.056302 -0.008411586 6.820983 -1.05702 -0.008411884 4.722948 1.056302 -0.008411884 4.722948</float_array>
          <technique_common>
            <accessor source="#Mesh4-mesh-positions-array" count="12" stride="3">
              <param name="X" type="float"/>
              <param name="Y" type="float"/>
              <param name="Z" type="float"/>
            </accessor>
          </technique_common>
        </source>
        <source id="Mesh4-mesh-normals">
          <float_array id="Mesh4-mesh-normals-array" count="3">0 1 0</float_array>
          <technique_common>
            <accessor source="#Mesh4-mesh-normals-array" count="1" stride="3">
              <param name="X" type="float"/>
              <param name="Y" type="float"/>
              <param name="Z" type="float"/>
            </accessor>
          </technique_common>
        </source>
        <source id="Mesh4-mesh-map-0">
          <float_array id="Mesh4-mesh-map-0-array" count="36">-0.001494169 -0.001015961 0.9993512 -0.001015961 -0.001494169 0.997868 -0.001494169 0.997868 0.9993512 -0.001015961 0.9993512 0.997868 0.002067804 -0.001541733 1.002186 -0.001541733 0.002067804 0.9979837 0.002067804 0.9979837 1.002186 -0.001541733 1.002186 0.9979837 1.001887 -2.94089e-4 -0.002555251 1.001657 -0.002555251 -2.94089e-4 1.001887 -2.94089e-4 1.001887 1.001657 -0.002555251 1.001657</float_array>
          <technique_common>
            <accessor source="#Mesh4-mesh-map-0-array" count="18" stride="2">
              <param name="S" type="float"/>
              <param name="T" type="float"/>
            </accessor>
          </technique_common>
        </source>
        <vertices id="Mesh4-mesh-vertices">
          <input semantic="POSITION" source="#Mesh4-mesh-positions"/>
        </vertices>
        <triangles material="shadowMt-material" count="6">
          <input semantic="VERTEX" source="#Mesh4-mesh-vertices" offset="0"/>
          <input semantic="NORMAL" source="#Mesh4-mesh-normals" offset="1"/>
          <input semantic="TEXCOORD" source="#Mesh4-mesh-map-0" offset="2" set="0"/>
          <p>0 0 0 1 0 1 2 0 2 2 0 3 1 0 4 3 0 5 4 0 6 5 0 7 6 0 8 6 0 9 5 0 10 7 0 11 9 0 12 10 0 13 8 0 14 9 0 15 11 0 16 10 0 17</p>
        </triangles>
      </mesh>
    </geometry>
    <geometry id="Mesh1-mesh" name="Mesh1">
      <mesh>
        <source id="Mesh1-mesh-positions">
          <float_array id="Mesh1-mesh-positions-array" count="156">45.4639 -157.491 -78.74568 78.7458 -90.92771 -136.392 -45.4639 -157.491 -78.74578 -78.7457 -90.92771 -136.392 -90.9277 -157.491 5.22509e-6 -157.491 -90.9277 -1.26287e-5 -45.4639 -157.491 78.74571 -78.7458 -90.92768 136.392 -45.4639 -157.491 78.74571 -78.7458 -90.92768 136.392 45.4639 -157.491 78.74571 78.7457 -90.92768 136.392 90.9277 -157.491 1.87744e-5 157.491 -90.9277 1.08394e-5 45.4639 -157.491 -78.74568 78.7458 -90.92771 -136.392 90.9278 -1.87744e-5 -157.491 -90.9277 -1.87745e-5 -157.492 -181.855 0 -2.70986e-5 -90.9278 1.87744e-5 157.491 -90.9278 1.87744e-5 157.491 90.9277 1.87744e-5 157.491 181.855 0 0 90.9278 -1.87744e-5 -157.491 78.7458 90.92768 -136.392 -78.7457 90.92768 -136.392 -157.491 90.9277 -3.43075e-5 -78.7458 90.92771 136.392 -78.7458 90.92771 136.392 78.7457 90.92771 136.392 157.491 90.9277 -1.08394e-5 78.7458 90.92768 -136.392 45.4639 157.491 -78.74571 -45.4639 157.491 -78.74581 -90.9277 157.491 -3.23237e-5 -45.4639 157.491 78.74568 -45.4639 157.491 78.74568 45.4639 157.491 78.74568 90.9277 157.491 -1.87744e-5 45.4639 157.491 -78.74571 0 -181.855 2.16788e-5 0 -181.855 2.16788e-5 0 -181.855 2.16788e-5 0 -181.855 2.16788e-5 0 -181.855 2.16788e-5 0 -181.855 2.16788e-5 0 181.855 -2.16788e-5 0 181.855 -2.16788e-5 0 181.855 -2.16788e-5 0 181.855 -2.16788e-5 0 181.855 -2.16788e-5 0 181.855 -2.16788e-5</float_array>
          <technique_common>
            <accessor source="#Mesh1-mesh-positions-array" count="52" stride="3">
              <param name="X" type="float"/>
              <param name="Y" type="float"/>
              <param name="Z" type="float"/>
            </accessor>
          </technique_common>
        </source>
        <source id="Mesh1-mesh-normals">
          <float_array id="Mesh1-mesh-normals-array" count="156">-0.8842056 -0.4670981 0 -1 0 0 -0.4421079 -0.4671034 -0.7657383 -0.8660317 0 0.4999893 -0.2792528 -0.8294877 -0.4837025 -0.7875173 -0.4160376 0.454675 -0.5585327 -0.8294826 0 -0.4999893 0 -0.8660317 -0.7875173 0.4160376 0.454675 -0.8842056 0.4670981 0 -0.2559676 -0.9553235 -0.1477757 0 -0.7894525 -0.6138117 0 -0.9553179 -0.2955803 -0.5315875 -0.7894462 0.3069034 -0.4421079 0.4671034 -0.7657383 0 -0.4160367 -0.9093478 0 0 -1 -0.5315875 0.7894462 0.3069034 -0.2559676 -0.9553235 0.1477757 0 0.4160367 -0.9093478 -0.5585327 0.8294826 0 -0.2792528 0.8294877 -0.4837025 0 0.7894525 -0.6138117 -0.2559676 0.9553235 0.1477757 0 0.9553179 -0.2955803 -0.2559676 0.9553235 -0.1477757 0.4421079 0.4671034 0.7657383 0.2792528 0.8294877 0.4837025 0 0.4160367 0.9093478 0.5585327 0.8294826 0 0 0 1 0.8842056 0.4670981 0 0.4999893 0 0.8660317 0 0.7894525 0.6138117 0.2559676 0.9553235 0.1477757 0 0.9553179 0.2955803 0 -0.4160367 0.9093478 0.5315875 0.7894462 -0.3069034 1 0 0 0.7875173 0.4160376 -0.454675 0.4421079 -0.4671034 0.7657383 0 -0.7894525 0.6138117 0.2559676 0.9553235 -0.1477757 0.8660317 0 -0.4999893 0.2792528 -0.8294877 0.4837025 0 -0.9553179 0.2955803 0.8842056 -0.4670981 0 0.7875173 -0.4160376 -0.454675 0.5585327 -0.8294826 0 0.2559676 -0.9553235 0.1477757 0.5315875 -0.7894462 -0.3069034 0.2559676 -0.9553235 -0.1477757</float_array>
          <technique_common>
            <accessor source="#Mesh1-mesh-normals-array" count="52" stride="3">
              <param name="X" type="float"/>
              <param name="Y" type="float"/>
              <param name="Z" type="float"/>
            </accessor>
          </technique_common>
        </source>
        <source id="Mesh1-mesh-map-0">
          <float_array id="Mesh1-mesh-map-0-array" count="360">0.3330006 0.9478017 0.3330006 0.4975559 0.6674145 0.9478017 0.3330006 0.9478017 -0.001415073 0.4975544 0.3330006 0.4975559 0.3330006 0.9478017 0.6674145 0.9478017 0.6674145 1.049766 0.3330006 0.9478017 -0.001415073 0.9478017 -0.001415073 0.4975544 0.3330006 0.9478017 0.6674145 1.049766 0.3329988 1.049766 0.3330006 0.9478017 0.3329988 1.049766 -0.001415073 0.9478017 0.3330006 0.4975559 0.6674145 0.4975559 0.6674145 0.9478017 0.3330006 0.4975559 -0.001415073 0.4975544 -0.001415073 0.1769099 0.3330006 0.4975559 0.3329988 0.1769099 0.6674145 0.4975559 0.3330006 0.4975559 -0.001415073 0.1769099 0.3329988 0.1769099 0.6674145 1.049766 0.5002058 1.151731 0.3329988 1.049766 0.6674145 1.049766 0.6674145 0.9478017 1.001829 1.049766 0.6674145 1.049766 1.001829 1.049766 0.8346215 1.151733 -0.001415073 0.9478017 0.3329988 1.049766 -0.001415073 1.049768 0.6674145 0.4975559 0.3329988 0.1769099 0.6674145 0.1769099 0.6674145 0.4975559 1.001829 0.9478017 0.6674145 0.9478017 0.6674145 0.4975559 0.6674145 0.1769099 1.001829 0.4975559 0.6674145 0.4975559 1.001829 0.4975559 1.001829 0.9478017 1.001829 0.9478017 1.001829 1.049766 0.6674145 0.9478017 -0.001415073 0.1769099 -0.001415073 0.02457749 0.3329988 0.1769099 0.3329988 1.049766 0.1657919 1.151733 -0.001415073 1.049768 0.6674145 0.1769099 1.001829 0.1769099 1.001829 0.4975559 0.6674145 0.1769099 0.3329988 0.1769099 0.3330006 0.02457904 0.6674145 0.1769099 0.6674145 0.02457749 1.001829 0.1769099 0.6674145 0.1769099 0.3330006 0.02457904 0.6674145 0.02457749 0.3329988 0.1769099 -0.001415073 0.02457749 0.3330006 0.02457904 1.001829 0.1769099 0.6674145 0.02457749 1.001829 0.02457904 -0.001415073 0.02457749 0.1657919 -0.2162808 0.3330006 0.02457904 0.6674145 0.02457749 0.8346215 -0.2162808 1.001829 0.02457904 0.6674145 0.02457749 0.3330006 0.02457904 0.5002058 -0.2162808 0.6666323 0.1769099 0.6666323 0.02457749 1.001046 0.1769099 0.6666323 0.1769099 0.3322167 0.02457749 0.6666323 0.02457749 0.6666323 0.1769099 1.001046 0.1769099 1.001046 0.4975559 0.6666323 0.1769099 0.3322167 0.1769099 0.3322167 0.02457749 0.6666323 0.1769099 1.001046 0.4975559 0.6666323 0.4975559 0.6666323 0.1769099 0.6666323 0.4975559 0.3322167 0.1769099 0.6666323 0.02457749 1.001046 0.02457749 1.001046 0.1769099 0.6666323 0.02457749 0.3322167 0.02457749 0.4994254 -0.2162808 0.6666323 0.02457749 0.8338394 -0.2162808 1.001046 0.02457749 1.001046 0.4975559 1.001046 0.9478017 0.6666323 0.4975559 0.3322167 0.1769099 -0.002195477 0.02457904 0.3322167 0.02457749 0.3322167 0.1769099 0.6666323 0.4975559 0.3322167 0.4975559 0.3322167 0.1769099 -0.002195477 0.1769099 -0.002195477 0.02457904 0.3322167 0.1769099 0.3322167 0.4975559 -0.002195477 0.1769099 1.001046 0.9478017 0.6666323 0.9478024 0.6666323 0.4975559 1.001046 0.9478017 1.001046 1.049766 0.6666323 0.9478024 0.6666323 0.4975559 0.6666323 0.9478024 0.3322167 0.4975559 0.3322167 0.02457749 -0.002195477 0.02457904 0.1650114 -0.2162808 -0.002195477 0.1769099 0.3322167 0.4975559 -0.002195477 0.4975559 1.001046 1.049766 0.6666323 1.049766 0.6666323 0.9478024 1.001046 1.049766 0.8338394 1.151733 0.6666323 1.049766 0.3322167 0.4975559 0.3322185 0.9478017 -0.002195477 0.4975559 0.3322167 0.4975559 0.6666323 0.9478024 0.3322185 0.9478017 0.6666323 0.9478024 0.6666323 1.049766 0.3322185 0.9478017 -0.002195477 0.4975559 0.3322185 0.9478017 -0.002195477 0.9478017 0.6666323 1.049766 0.3322167 1.049766 0.3322185 0.9478017 0.6666323 1.049766 0.4994254 1.151733 0.3322167 1.049766 0.3322185 0.9478017 0.3322167 1.049766 -0.002195477 0.9478017 0.3322167 1.049766 -0.002195477 1.049766 -0.002195477 0.9478017 0.3322167 1.049766 0.1650114 1.151733 -0.002195477 1.049766</float_array>
          <technique_common>
            <accessor source="#Mesh1-mesh-map-0-array" count="180" stride="2">
              <param name="S" type="float"/>
              <param name="T" type="float"/>
            </accessor>
          </technique_common>
        </source>
        <vertices id="Mesh1-mesh-vertices">
          <input semantic="POSITION" source="#Mesh1-mesh-positions"/>
        </vertices>
        <triangles material="skybox-material" count="60">
          <input semantic="VERTEX" source="#Mesh1-mesh-vertices" offset="0"/>
          <input semantic="NORMAL" source="#Mesh1-mesh-normals" offset="1"/>
          <input semantic="TEXCOORD" source="#Mesh1-mesh-map-0" offset="2" set="0"/>
          <p>30 0 0 22 1 1 29 2 2 30 0 3 23 3 4 22 1 5 30 0 6 29 2 7 37 4 8 30 0 9 31 5 10 23 3 11 30 0 12 37 4 13 38 6 14 30 0 15 38 6 16 31 5 17 22 1 18 21 7 19 29 2 20 22 1 21 23 3 22 15 8 23 22 1 24 13 9 25 21 7 26 22 1 27 15 8 28 13 9 29 37 4 30 50 10 31 38 6 32 37 4 33 29 2 34 36 11 35 37 4 36 36 11 37 49 12 38 31 5 39 38 6 40 39 13 41 21 7 42 13 9 43 11 14 44 21 7 45 28 15 46 29 2 47 21 7 48 11 14 49 20 16 50 21 7 51 20 16 52 28 15 53 28 15 54 36 11 55 29 2 56 15 8 57 14 17 58 13 9 59 38 6 60 51 18 61 39 13 62 11 14 63 9 19 64 20 16 65 11 14 66 13 9 67 12 20 68 11 14 69 10 21 70 9 19 71 11 14 72 12 20 73 10 21 74 13 9 75 14 17 76 12 20 77 9 19 78 10 21 79 8 22 80 14 17 81 45 23 82 12 20 83 10 21 84 43 24 85 8 22 86 10 21 87 12 20 88 44 25 89 3 26 90 2 27 91 1 28 92 3 26 93 4 29 94 2 27 95 3 26 96 1 28 97 16 30 98 3 26 99 5 31 100 4 29 101 3 26 102 16 30 103 17 32 104 3 26 105 17 32 106 5 31 107 2 27 108 0 33 109 1 28 110 2 27 111 4 29 112 41 34 113 2 27 114 40 35 115 0 33 116 16 30 117 24 36 118 17 32 119 5 31 120 6 37 121 4 29 122 5 31 123 17 32 124 18 38 125 5 31 126 7 39 127 6 37 128 5 31 129 18 38 130 7 39 131 24 36 132 25 40 133 17 32 134 24 36 135 32 41 136 25 40 137 17 32 138 25 40 139 18 38 140 4 29 141 6 37 142 42 42 143 7 39 144 18 38 145 19 43 146 32 41 147 33 44 148 25 40 149 32 41 150 46 45 151 33 44 152 18 38 153 26 46 154 19 43 155 18 38 156 25 40 157 26 46 158 25 40 159 33 44 160 26 46 161 19 43 162 26 46 163 27 47 164 33 44 165 34 48 166 26 46 167 33 44 168 47 49 169 34 48 170 26 46 171 34 48 172 27 47 173 34 48 174 35 50 175 27 47 176 34 48 177 48 51 178 35 50 179</p>
        </triangles>
      </mesh>
    </geometry>
  </library_geometries>
  <library_controllers/>
  <library_visual_scenes>
    <visual_scene id="Scene" name="Scene">
      <node id="Armature" name="Armature" type="NODE">
        <matrix sid="transform">1 0 0 0 0 -4.37114e-8 -1 0 0 1 -4.37114e-8 0 0 0 0 1</matrix>
        <node id="Armature_log" name="log" sid="log" type="JOINT">
          <matrix sid="transform">1 0 0 0 0 1 4.37114e-8 0 0 -4.37114e-8 1 0 0 0 0 1</matrix>
          <extra>
            <technique profile="blender">
              <layer sid="layer" type="string">0</layer>
              <tip_x sid="tip_x" type="float">0</tip_x>
              <tip_y sid="tip_y" type="float">1</tip_y>
              <tip_z sid="tip_z" type="float">0</tip_z>
            </technique>
          </extra>
        </node>
        <node id="Armature_leaves" name="leaves" sid="leaves" type="JOINT">
          <matrix sid="transform">1 0 0 0 0 1 4.37114e-8 0 0 -4.37114e-8 1 0 0 0 0 1</matrix>
          <extra>
            <technique profile="blender">
              <layer sid="layer" type="string">0</layer>
              <tip_x sid="tip_x" type="float">0</tip_x>
              <tip_y sid="tip_y" type="float">1</tip_y>
              <tip_z sid="tip_z" type="float">0</tip_z>
            </technique>
          </extra>
        </node>
        <node id="Armature_shadow" name="shadow" sid="shadow" type="JOINT">
          <matrix sid="transform">1 0 0 0 0 1 4.37114e-8 0 0 -4.37114e-8 1 0 0 0 0 1</matrix>
          <extra>
            <technique profile="blender">
              <layer sid="layer" type="string">0</layer>
              <tip_x sid="tip_x" type="float">0</tip_x>
              <tip_y sid="tip_y" type="float">1</tip_y>
              <tip_z sid="tip_z" type="float">0</tip_z>
            </technique>
          </extra>
        </node>
        <node id="Armature_skybox" name="skybox" sid="skybox" type="JOINT">
          <matrix sid="transform">1 0 0 0 0 1 4.37114e-8 0 0 -4.37114e-8 1 0 0 0 0 1</matrix>
          <extra>
            <technique profile="blender">
              <layer sid="layer" type="string">0</layer>
              <tip_x sid="tip_x" type="float">0</tip_x>
              <tip_y sid="tip_y" type="float">1</tip_y>
              <tip_z sid="tip_z" type="float">0</tip_z>
            </technique>
          </extra>
        </node>
        <node id="Armature_lights" name="lights" sid="lights" type="JOINT">
          <matrix sid="transform">1 0 0 0 0 1 4.37114e-8 0 0 -4.37114e-8 1 0 0 0 0 1</matrix>
          <extra>
            <technique profile="blender">
              <layer sid="layer" type="string">0</layer>
              <tip_x sid="tip_x" type="float">0</tip_x>
              <tip_y sid="tip_y" type="float">1</tip_y>
              <tip_z sid="tip_z" type="float">0</tip_z>
            </technique>
          </extra>
        </node>
        <node id="Armature_lightsources" name="lightsources" sid="lightsources" type="JOINT">
          <matrix sid="transform">1 0 0 0 0 1 4.37114e-8 0 0 -4.37114e-8 1 0 0 0 0 1</matrix>
          <extra>
            <technique profile="blender">
              <layer sid="layer" type="string">0</layer>
              <tip_x sid="tip_x" type="float">0</tip_x>
              <tip_y sid="tip_y" type="float">1</tip_y>
              <tip_z sid="tip_z" type="float">0</tip_z>
            </technique>
          </extra>
        </node>
        <node id="Armature_ropes" name="ropes" sid="ropes" type="JOINT">
          <matrix sid="transform">1 0 0 0 0 1 4.37114e-8 0 0 -4.37114e-8 1 0 0 0 0 1</matrix>
          <extra>
            <technique profile="blender">
              <layer sid="layer" type="string">0</layer>
              <tip_x sid="tip_x" type="float">0</tip_x>
              <tip_y sid="tip_y" type="float">1</tip_y>
              <tip_z sid="tip_z" type="float">0</tip_z>
            </technique>
          </extra>
        </node>
        <node id="skybox" name="skybox" type="NODE">
          <matrix sid="transform">1 0 0 0 0 1 0 0 0 0 1 0 0 0 0 1</matrix>
          <instance_geometry url="#Mesh1-mesh" name="skybox">
            <bind_material>
              <technique_common>
                <instance_material symbol="skybox-material" target="#skybox-material">
                  <bind_vertex_input semantic="Mesh1-geometry-TEXCOORD" input_semantic="TEXCOORD" input_set="0"/>
                </instance_material>
              </technique_common>
            </bind_material>
          </instance_geometry>
        </node>
        <node id="shadow" name="shadow" type="NODE">
          <matrix sid="transform">1 0 0 0 0 1 0 0 0 0 1 0 0 0 0 1</matrix>
          <instance_geometry url="#Mesh4-mesh" name="shadow">
            <bind_material>
              <technique_common>
                <instance_material symbol="shadowMt-material" target="#shadowMt-material">
                  <bind_vertex_input semantic="Mesh4-geometry-TEXCOORD" input_semantic="TEXCOORD" input_set="0"/>
                </instance_material>
              </technique_common>
            </bind_material>
          </instance_geometry>
        </node>
        <node id="log" name="log" type="NODE">
          <matrix sid="transform">1 0 0 0 0 1 0 0 0 0 1 0 0 0 0 1</matrix>
          <instance_geometry url="#Cylinder_001-mesh" name="log">
            <bind_material>
              <technique_common>
                <instance_material symbol="log-material" target="#log-material">
                  <bind_vertex_input semantic="UVMap" input_semantic="TEXCOORD" input_set="0"/>
                </instance_material>
                <instance_material symbol="logtop-material" target="#logtop-material">
                  <bind_vertex_input semantic="UVMap" input_semantic="TEXCOORD" input_set="0"/>
                </instance_material>
              </technique_common>
            </bind_material>
          </instance_geometry>
        </node>
        <node id="leaves" name="leaves" type="NODE">
          <matrix sid="transform">1 0 0 0 0 1 0 0 0 0 1 0 0 0 0 1</matrix>
          <instance_geometry url="#Plane-mesh" name="leaves">
            <bind_material>
              <technique_common>
                <instance_material symbol="leaves-material" target="#leaves-material">
                  <bind_vertex_input semantic="UVMap" input_semantic="TEXCOORD" input_set="0"/>
                </instance_material>
              </technique_common>
            </bind_material>
          </instance_geometry>
        </node>
        <node id="lightsources" name="lightsources" type="NODE">
          <matrix sid="transform">1 0 0 0 0 1 0 0 0 0 1 0 0 0 0 1</matrix>
          <instance_geometry url="#Cube_002-mesh" name="lightsources">
            <bind_material>
              <technique_common>
                <instance_material symbol="light1-material" target="#light1-material">
                  <bind_vertex_input semantic="UVMap" input_semantic="TEXCOORD" input_set="0"/>
                </instance_material>
                <instance_material symbol="light2-material" target="#light2-material">
                  <bind_vertex_input semantic="UVMap" input_semantic="TEXCOORD" input_set="0"/>
                </instance_material>
              </technique_common>
            </bind_material>
          </instance_geometry>
        </node>
        <node id="lights" name="lights" type="NODE">
          <matrix sid="transform">1 0 0 0 0 1 0 0 0 0 1 0 0 0 0 1</matrix>
          <instance_geometry url="#Icosphere-mesh" name="lights">
            <bind_material>
              <technique_common>
                <instance_material symbol="lights-material" target="#lights-material">
                  <bind_vertex_input semantic="UVMap" input_semantic="TEXCOORD" input_set="0"/>
                </instance_material>
              </technique_common>
            </bind_material>
          </instance_geometry>
        </node>
        <node id="ropes" name="ropes" type="NODE">
          <matrix sid="transform">1 0 0 0 0 1 0 0 0 0 1 0 0 0 0 1</matrix>
          <instance_geometry url="#Plane_009-mesh" name="ropes">
            <bind_material>
              <technique_common>
                <instance_material symbol="rope-material" target="#rope-material">
                  <bind_vertex_input semantic="UVMap" input_semantic="TEXCOORD" input_set="0"/>
                </instance_material>
              </technique_common>
            </bind_material>
          </instance_geometry>
        </node>
      </node>
    </visual_scene>
  </library_visual_scenes>
  <scene>
    <instance_visual_scene url="#Scene"/>
  </scene>
</COLLADA>